word1,word2,count,relative_freq
pleas,d,69,1.0
fac,d,44,1.0
deceiv,d,41,1.0
assur,d,37,1.0
dramatis,personae,36,1.0
reveng,d,34,1.0
chang,d,34,1.0
resolv,d,33,1.0
belov,d,31,1.0
prepar,d,30,1.0
abus,d,29,1.0
amaz,d,29,1.0
cam,st,29,1.0
advis,d,29,1.0
rul,d,28,1.0
prov,d,27,1.0
forc,d,27,1.0
prais,d,26,1.0
begg,d,26,1.0
whate,er,26,1.0
asham,d,26,1.0
charg,d,26,1.0
urg,d,26,1.0
stopp,d,25,1.0
rais,d,24,1.0
perjur,d,23,1.0
mak,st,22,1.0
dispos,d,21,1.0
accus,d,21,1.0
com,st,21,1.0
surpris,d,19,1.0
depos,d,19,1.0
sav,d,19,1.0
arriv,d,18,1.0
whipp,d,17,1.0
plac,d,17,1.0
oppos,d,17,1.0
nam,d,17,1.0
compell,d,16,1.0
beguil,d,16,1.0
clapp,d,16,1.0
suppos,d,16,1.0
devis,d,16,1.0
determin,d,16,1.0
confin,d,16,1.0
disguis,d,16,1.0
awak,d,15,1.0
purpos,d,15,1.0
seiz,d,15,1.0
enforc,d,15,1.0
remov,d,14,1.0
dropp,d,14,1.0
gav,st,14,1.0
advanc,d,14,1.0
engag,d,14,1.0
subdu,d,14,1.0
fram,d,14,1.0
stirr,d,13,1.0
disgrac,d,13,1.0
discharg,d,13,1.0
despis,d,13,1.0
accurs,d,13,1.0
deriv,d,13,1.0
purchas,d,12,1.0
incens,d,12,1.0
howe,er,12,1.0
marr,d,12,1.0
pursu,d,12,1.0
reserv,d,12,1.0
grac,d,12,1.0
barr,d,11,1.0
practis,d,11,1.0
embrac,d,11,1.0
enrag,d,11,1.0
griev,d,11,1.0
dispers,d,11,1.0
pronounc,d,11,1.0
preferr,d,11,1.0
chooseth,me,11,1.0
restor,d,11,1.0
trimm,d,11,1.0
whoe,er,10,1.0
caus,d,10,1.0
challeng,d,10,1.0
observ,d,10,1.0
lodg,d,10,1.0
excus,d,10,1.0
chok,d,10,1.0
cramm,d,10,1.0
boist,rous,10,1.0
priz,d,9,1.0
wip,d,9,1.0
shunn,d,9,1.0
scap,d,9,1.0
preserv,d,9,1.0
compos,d,9,1.0
fam,d,9,1.0
measur,d,9,1.0
retir,d,9,1.0
deceas,d,9,1.0
starv,d,9,1.0
forg,d,8,1.0
requir,d,8,1.0
achiev,d,8,1.0
purg,d,8,1.0
distill,d,8,1.0
imagin,d,8,1.0
digg,d,8,1.0
swing,d,8,1.0
worshipp,d,8,1.0
betroth,d,8,1.0
reliev,d,8,1.0
replete,with,8,1.0
displeas,d,8,1.0
chas,d,8,1.0
lopp,d,8,1.0
unlook,d,8,1.0
shipp,d,8,1.0
cropp,d,7,1.0
suborn,d,7,1.0
refus,d,7,1.0
supp,d,7,1.0
lovest,me,7,1.0
judg,d,7,1.0
ides,of,7,1.0
admir,d,7,1.0
od,s,7,1.0
importun,d,7,1.0
apparell,d,7,1.0
tir,d,7,1.0
stepp,d,7,1.0
bak,d,7,1.0
obscur,d,7,1.0
travell,d,7,1.0
wheresoe,er,6,1.0
mann,d,6,1.0
sentenc,d,6,1.0
cank,red,6,1.0
howsoe,er,6,1.0
reviv,d,6,1.0
legg,d,6,1.0
pil,d,6,1.0
dimm,d,6,1.0
lim,d,6,1.0
danc,d,6,1.0
pierc,d,6,1.0
expos,d,6,1.0
spar,d,6,1.0
conceiv,d,6,1.0
rescu,d,6,1.0
exil,d,6,1.0
wrapp,d,6,1.0
subscrib,d,6,1.0
contriv,d,6,1.0
soe,er,6,1.0
tongu,d,6,1.0
disclos,d,6,1.0
depriv,d,6,1.0
defil,d,6,1.0
coeur,de,6,1.0
perus,d,6,1.0
approv,d,5,1.0
sinn,d,5,1.0
reconcil,d,5,1.0
declin,d,5,1.0
hir,d,5,1.0
ventur,d,5,1.0
lin,d,5,1.0
tripp,d,5,1.0
conn,d,5,1.0
dy,d,5,1.0
chaf,d,5,1.0
tending,to,5,1.0
dogg,d,5,1.0
diseas,d,5,1.0
inspir,d,5,1.0
furr,d,5,1.0
raz,d,5,1.0
penn,d,5,1.0
propos,d,5,1.0
unaccustom,d,5,1.0
whatsoe,er,5,1.0
swol,n,5,1.0
ungovern,d,5,1.0
nurs,d,5,1.0
shap,d,5,1.0
gor,d,5,1.0
perfum,d,5,1.0
scatt,red,5,1.0
bruis,d,5,1.0
lac,d,5,1.0
interr,d,5,1.0
pell,mell,5,1.0
sauf,votre,5,1.0
cudgell,d,5,1.0
encompass,d,5,1.0
dispense,with,5,1.0
clos,d,5,1.0
raineth,every,5,1.0
embowell,d,4,1.0
traduc,d,4,1.0
emboss,d,4,1.0
solemniz,d,4,1.0
junius,brutus,4,1.0
stor,d,4,1.0
experienc,d,4,1.0
standers,by,4,1.0
lud,s,4,1.0
appeas,d,4,1.0
fubb,d,4,1.0
gorg,d,4,1.0
tish,ill,4,1.0
dubb,d,4,1.0
install,d,4,1.0
adjudg,d,4,1.0
thron,d,4,1.0
pertains,to,4,1.0
pac,d,4,1.0
haud,credo,4,1.0
destin,d,4,1.0
lott,ry,4,1.0
ninny,s,4,1.0
conjur,d,4,1.0
interchange,of,4,1.0
stripp,d,4,1.0
accustom,d,4,1.0
misus,d,4,1.0
convers,d,4,1.0
hous,d,4,1.0
dissolv,d,4,1.0
smear,d,4,1.0
confus,d,4,1.0
twinn,d,4,1.0
figur,d,4,1.0
clipp,d,4,1.0
tortur,d,4,1.0
conspir,d,4,1.0
commune,with,4,1.0
sextus,pompeius,4,1.0
divorc,d,4,1.0
profan,d,4,1.0
visag,d,4,1.0
appelez,vous,4,1.0
effusion,of,4,1.0
besieg,d,4,1.0
sug,red,4,1.0
defac,d,4,1.0
seduc,d,4,1.0
injur,d,4,1.0
looker,on,4,1.0
privileg,d,4,1.0
spurr,d,4,1.0
flaw,d,4,1.0
unadvis,d,4,1.0
adriano,de,4,1.0
enfranchis,d,4,1.0
closure,of,3,1.0
gerard,de,3,1.0
conferr,d,3,1.0
enthron,d,3,1.0
lipp,d,3,1.0
voic,d,3,1.0
rigg,d,3,1.0
swor,st,3,1.0
chastis,d,3,1.0
unparallel,d,3,1.0
knoll,d,3,1.0
carv,d,3,1.0
scann,d,3,1.0
unfinish,d,3,1.0
untun,d,3,1.0
censur,d,3,1.0
hors,d,3,1.0
unbruis,d,3,1.0
ribb,d,3,1.0
lapp,d,3,1.0
ponderous,and,3,1.0
outstretch,d,3,1.0
mobled,queen,3,1.0
undiscover,d,3,1.0
siz,d,3,1.0
thicker,than,3,1.0
unapt,to,3,1.0
unwash,d,3,1.0
overrul,d,3,1.0
enamour,d,3,1.0
wider,than,3,1.0
chopp,d,3,1.0
hemm,d,3,1.0
enthrall,d,3,1.0
loos,d,3,1.0
toasted,cheese,3,1.0
revell,d,3,1.0
liable,to,3,1.0
inflam,d,3,1.0
piec,d,3,1.0
rubb,d,3,1.0
aroint,thee,3,1.0
craz,d,3,1.0
pia,mater,3,1.0
mounch,d,3,1.0
whisp,ring,3,1.0
nev,r,3,1.0
attir,d,3,1.0
covered,with,3,1.0
bobb,d,3,1.0
tressel,and,3,1.0
inferr,d,3,1.0
pois,d,3,1.0
aching,bones,3,1.0
mattock,and,3,1.0
sigeia,tellus,3,1.0
celsa,senis,3,1.0
soud,soud,3,1.0
spok,st,3,1.0
rang,d,3,1.0
afear,d,3,1.0
disprais,d,3,1.0
laden,with,3,1.0
carouses,to,3,1.0
acknowledg,d,3,1.0
levell,d,3,1.0
blam,d,3,1.0
sund,red,3,1.0
tuft,of,3,1.0
tott,ring,3,1.0
fineness,of,3,1.0
sauc,d,3,1.0
induc,d,3,1.0
glazed,with,3,1.0
silenc,d,3,1.0
counterpois,d,3,1.0
ag,d,3,1.0
scarr,d,3,1.0
controll,d,3,1.0
ceas,d,3,1.0
induce,you,3,1.0
unfledg,d,3,1.0
ripp,d,3,1.0
summit,of,3,1.0
stoup,of,3,1.0
fann,d,3,1.0
scrap,d,3,1.0
morrows,to,3,1.0
countenanc,d,3,1.0
valu,d,3,1.0
fulness,of,3,1.0
glist,ring,3,1.0
espous,d,3,1.0
releas,d,3,1.0
recompens,d,3,1.0
clust,ring,3,1.0
matthew,goffe,3,1.0
albion,s,3,1.0
aveng,d,3,1.0
skills,not,3,1.0
whereso,er,3,1.0
stabbing,him,3,1.0
advertis,d,3,1.0
absolv,d,3,1.0
collars,of,3,1.0
brib,d,3,1.0
inundation,of,3,1.0
temporize,with,3,1.0
expiration,of,3,1.0
newt,and,3,1.0
incurr,d,3,1.0
regist,red,3,1.0
attainder,of,3,1.0
beamed,eyes,3,1.0
firstlings,of,3,1.0
avis,d,3,1.0
luke,s,3,1.0
prefix,d,3,1.0
dong,bell,3,1.0
rehears,d,3,1.0
dere,is,3,1.0
shades,of,3,1.0
baynard,s,3,1.0
ador,d,3,1.0
betraying,me,2,1.0
unquestion,d,2,1.0
dislik,st,2,1.0
debauch,d,2,1.0
procur,d,2,1.0
offic,d,2,1.0
acquir,d,2,1.0
linguist,and,2,1.0
petticoat,and,2,1.0
vouchsaf,d,2,1.0
donn,d,2,1.0
burnish,d,2,1.0
unhack,d,2,1.0
accuses,him,2,1.0
denounc,d,2,1.0
squares,of,2,1.0
gem,of,2,1.0
harping,on,2,1.0
prosp,rous,2,1.0
strik,st,2,1.0
posture,of,2,1.0
bounden,to,2,1.0
cleanse,the,2,1.0
graff,it,2,1.0
presentation,of,2,1.0
simp,ring,2,1.0
hews,down,2,1.0
bragg,d,2,1.0
oaken,garland,2,1.0
clamb,ring,2,1.0
wedg,d,2,1.0
twos,and,2,1.0
su,d,2,1.0
batten,on,2,1.0
defender,of,2,1.0
idiots,in,2,1.0
gordian,knot,2,1.0
ante,chamber,2,1.0
pannonians,and,2,1.0
azur,d,2,1.0
garrison,d,2,1.0
damm,d,2,1.0
cas,d,2,1.0
geck,and,2,1.0
mollis,aer,2,1.0
claudius,king,2,1.0
liegemen,to,2,1.0
implements,of,2,1.0
ratified,by,2,1.0
spreads,his,2,1.0
appal,the,2,1.0
origin,and,2,1.0
braz,d,2,1.0
twentieth,part,2,1.0
topp,d,2,1.0
comply,with,2,1.0
commenc,d,2,1.0
offerings,and,2,1.0
unyok,d,2,1.0
scandaliz,d,2,1.0
scourg,d,2,1.0
bestirr,d,2,1.0
outfac,d,2,1.0
brewer,s,2,1.0
ball,of,2,1.0
violation,of,2,1.0
jerkins,and,2,1.0
recordation,to,2,1.0
chipp,d,2,1.0
summary,of,2,1.0
whetted,on,2,1.0
foutra,for,2,1.0
severals,and,2,1.0
crav,d,2,1.0
intendment,of,2,1.0
masham,and,2,1.0
ils,sont,2,1.0
excusez,moi,2,1.0
fingre,de,2,1.0
embattl,d,2,1.0
diffus,d,2,1.0
infus,d,2,1.0
produc,d,2,1.0
engrav,d,2,1.0
expir,d,2,1.0
unhallow,d,2,1.0
reverenc,d,2,1.0
resident,in,2,1.0
spak,st,2,1.0
condescend,to,2,1.0
whosoe,er,2,1.0
progeny,of,2,1.0
duchy,of,2,1.0
released,and,2,1.0
shar,d,2,1.0
trowest,thou,2,1.0
tugg,d,2,1.0
crestfall,n,2,1.0
palmer,s,2,1.0
rave,and,2,1.0
type,of,2,1.0
sicils,and,2,1.0
uncrown,him,2,1.0
sacrific,d,2,1.0
cancell,d,2,1.0
aberga,ny,2,1.0
fil,d,2,1.0
forgo,the,2,1.0
misplac,d,2,1.0
volley,of,2,1.0
triumvir,after,2,1.0
awl,i,2,1.0
forgets,the,2,1.0
burneth,in,2,1.0
validity,and,2,1.0
debosh,d,2,1.0
eater,of,2,1.0
knapp,d,2,1.0
demonstration,of,2,1.0
dictynna,goodman,2,1.0
allusion,holds,2,1.0
strung,with,2,1.0
fleeter,than,2,1.0
whereuntil,it,2,1.0
surnam,d,2,1.0
ingredients,of,2,1.0
adhere,and,2,1.0
glimpse,of,2,1.0
guiltier,than,2,1.0
inquir,d,2,1.0
reprieves,for,2,1.0
unprepar,d,2,1.0
cucullus,non,2,1.0
grav,d,2,1.0
immur,d,2,1.0
uncapable,of,2,1.0
scrubbed,boy,2,1.0
pribbles,and,2,1.0
urinals,about,2,1.0
truckle,bed,2,1.0
vere,is,2,1.0
dean,ry,2,1.0
whoa,ho,2,1.0
vot,ress,2,1.0
ninus,tomb,2,1.0
aby,it,2,1.0
aurora,s,2,1.0
broader,than,2,1.0
remnants,of,2,1.0
capp,d,2,1.0
canakin,clink,2,1.0
starr,d,2,1.0
sluic,d,2,1.0
nearness,to,2,1.0
scept,red,2,1.0
presuming,on,2,1.0
gaz,d,2,1.0
dashes,the,2,1.0
plagu,d,2,1.0
persuading,me,2,1.0
successively,from,2,1.0
disgracious,in,2,1.0
succeeders,of,2,1.0
mista,en,2,1.0
stinted,and,2,1.0
aspir,d,2,1.0
unstain,d,2,1.0
trapp,d,2,1.0
abjur,d,2,1.0
longeth,to,2,1.0
plung,d,2,1.0
dispersedly,bow,2,1.0
undrown,d,2,1.0
barns,and,2,1.0
yok,d,2,1.0
manfully,in,2,1.0
ungain,d,2,1.0
gagg,d,2,1.0
notoriously,abus,2,1.0
despiseth,me,2,1.0
barne,a,2,1.0
dungy,earth,2,1.0
wiv,d,2,1.0
shov,d,2,1.0
lengths,of,2,1.0
combin,d,2,1.0
tenure,of,2,1.0
blemishes,in,2,1.0
erpow,r,2,1.0
cocks,do,2,1.0
cistern,for,2,1.0
habiliments,of,2,1.0
unlov,d,2,1.0
compared,with,2,1.0
rud,st,2,1.0
eclips,d,2,1.0
hoisted,sail,2,1.0
unseason,d,2,1.0
pleach,d,2,1.0
transgress,d,2,1.0
isbels,o,2,1.0
howsome,er,2,1.0
examin,d,2,1.0
lam,d,2,1.0
curtle,axe,2,1.0
flux,of,2,1.0
shear,the,2,1.0
ducdame,ducdame,2,1.0
suffic,d,2,1.0
dinners,and,2,1.0
quintessence,of,2,1.0
enlarg,d,2,1.0
atalanta,s,2,1.0
ungarter,d,2,1.0
discovering,himself,2,1.0
impos,d,2,1.0
unurg,d,2,1.0
anatomiz,d,2,1.0
sob,and,2,1.0
parings,of,2,1.0
welcom,d,2,1.0
revil,d,2,1.0
blaz,d,2,1.0
weakens,his,2,1.0
altitude,of,2,1.0
rebell,d,2,1.0
accusers,and,2,1.0
murrain,on,2,1.0
quak,d,2,1.0
overta,en,2,1.0
disciplin,d,2,1.0
piles,of,2,1.0
enroll,d,2,1.0
counsell,d,2,1.0
marv,llous,2,1.0
tuns,of,2,1.0
whene,er,2,1.0
unfill,d,2,1.0
conveyances,of,2,1.0
unparagon,d,2,1.0
adornment,of,2,1.0
cognizance,of,2,1.0
unlearn,d,2,1.0
betid,to,2,1.0
debitor,and,2,1.0
unseeing,eyes,2,1.0
unschool,d,2,1.0
canoniz,d,2,1.0
nemean,lion,2,1.0
sulph,rous,2,1.0
nutshell,and,2,1.0
sere,and,2,1.0
comical,historical,2,1.0
grunt,and,2,1.0
unmatch,d,2,1.0
cutpurse,of,2,1.0
dragg,d,2,1.0
stow,d,2,1.0
props,of,2,1.0
natur,d,2,1.0
shipwright,or,2,1.0
popp,d,2,1.0
nomination,of,2,1.0
impon,d,2,1.0
germane,to,2,1.0
exchang,d,2,1.0
governed,as,2,1.0
lugg,d,2,1.0
joined,with,2,1.0
lards,the,2,1.0
skim,milk,2,1.0
kendal,green,2,1.0
misleader,of,2,1.0
pharaoh,s,2,1.0
drinkings,and,2,1.0
blust,ring,2,1.0
unreveng,d,2,1.0
weav,d,2,1.0
forspent,with,2,1.0
bringer,of,2,1.0
endear,d,2,1.0
lull,d,2,1.0
brood,of,2,1.0
dint,of,2,1.0
decide,it,2,1.0
uprear,d,2,1.0
displac,d,2,1.0
conversing,with,2,1.0
exampled,by,2,1.0
fett,red,2,1.0
sheathes,his,2,1.0
dites,moi,2,1.0
delabreth,high,2,1.0
figo,for,2,1.0
gentilhomme,de,2,1.0
pardonnez,moi,2,1.0
ales,and,2,1.0
chanc,d,2,1.0
girdled,with,2,1.0
distrain,d,2,1.0
carous,d,2,1.0
blades,which,2,1.0
reclaim,d,2,1.0
maz,d,2,1.0
grovel,on,2,1.0
glorify,the,2,1.0
snar,d,2,1.0
prevention,of,2,1.0
untutor,d,2,1.0
unpolish,d,2,1.0
printed,in,2,1.0
woefull,st,2,1.0
protectors,of,2,1.0
overshine,the,2,1.0
ercharg,d,2,1.0
menac,d,2,1.0
nois,d,2,1.0
exhalation,in,2,1.0
coronal,of,2,1.0
hedg,d,2,1.0
float,upon,2,1.0
plagued,for,2,1.0
ramm,d,2,1.0
purpled,hands,2,1.0
ordering,of,2,1.0
goodwin,sands,2,1.0
untouch,d,2,1.0
itching,palm,2,1.0
shallows,and,2,1.0
erwatch,d,2,1.0
exist,and,2,1.0
rivall,d,2,1.0
fairs,and,2,1.0
robber,s,2,1.0
fir,d,2,1.0
descending,now,2,1.0
posterior,of,2,1.0
armipotent,mars,2,1.0
keel,the,2,1.0
villainies,of,2,1.0
streaks,of,2,1.0
unmann,d,2,1.0
moated,grange,2,1.0
hent,the,2,1.0
tossing,on,2,1.0
hugg,d,2,1.0
uncheck,d,2,1.0
unpractis,d,2,1.0
furnished,with,2,1.0
kiln,hole,2,1.0
attired,in,2,1.0
postmaster,s,2,1.0
nedar,s,2,1.0
oxlips,and,2,1.0
canopied,with,2,1.0
enamell,d,2,1.0
mistak,st,2,1.0
hipp,d,2,1.0
shafalus,to,2,1.0
cursy,and,2,1.0
idea,of,2,1.0
strawberries,in,2,1.0
unhatch,d,2,1.0
teem,with,2,1.0
unpin,me,2,1.0
baffl,d,2,1.0
barbed,steeds,2,1.0
unking,d,2,1.0
converts,to,2,1.0
bottled,spider,2,1.0
dallies,with,2,1.0
pitchers,have,2,1.0
wearisome,and,2,1.0
unscarr,d,2,1.0
edgeless,sword,2,1.0
lammas,eve,2,1.0
bitt,rest,2,1.0
duellist,a,2,1.0
swits,and,2,1.0
unbind,my,2,1.0
skein,of,2,1.0
equall,d,2,1.0
blabb,d,2,1.0
curds,and,2,1.0
u,s,2,1.0
metamorphis,d,2,1.0
corded,ladder,2,1.0
inprimis,she,2,1.0
roared,and,2,1.0
jog,on,2,1.0
ston,d,2,1.0
smothering,of,1,1.0
swashers,i,1,1.0
nimbler,than,1,1.0
receipts,he,1,1.0
accessible,is,1,1.0
sources,and,1,1.0
uncross,d,1,1.0
unbent,when,1,1.0
handmaids,of,1,1.0
practiser,thy,1,1.0
overland,to,1,1.0
supplyant,the,1,1.0
oppositions,yet,1,1.0
singleness,the,1,1.0
runagates,that,1,1.0
relinquish,d,1,1.0
blurr,d,1,1.0
ames,ace,1,1.0
foresay,it,1,1.0
ningly,replies,1,1.0
brotherly,but,1,1.0
poising,us,1,1.0
zephyrs,blowing,1,1.0
bannerets,about,1,1.0
skipp,d,1,1.0
hugs,his,1,1.0
diedst,a,1,1.0
curbed,time,1,1.0
thitherward,for,1,1.0
muskets,o,1,1.0
piecing,air,1,1.0
featureless,and,1,1.0
consolate,thine,1,1.0
hater,of,1,1.0
camping,foes,1,1.0
rinaldo,you,1,1.0
maidenhood,cannot,1,1.0
coarsely,of,1,1.0
repeated,all,1,1.0
bristly,beard,1,1.0
brokes,with,1,1.0
leaguer,of,1,1.0
performer,i,1,1.0
dearths,or,1,1.0
sprat,you,1,1.0
coherent,every,1,1.0
linsey,woolsey,1,1.0
woolsey,has,1,1.0
butterwoman,s,1,1.0
baring,of,1,1.0
throca,movousus,1,1.0
villianda,par,1,1.0
muskos,regiment,1,1.0
vauvado,i,1,1.0
kerely,bonto,1,1.0
bonto,sir,1,1.0
manka,revania,1,1.0
oscorbidulchos,volivorco,1,1.0
acordo,linta,1,1.0
incurred,the,1,1.0
perverted,a,1,1.0
trumpeters,of,1,1.0
rector,of,1,1.0
nicer,needs,1,1.0
yellowed,with,1,1.0
boblibindo,chicurmurco,1,1.0
militarist,that,1,1.0
chape,of,1,1.0
cosmo,lodowick,1,1.0
bentii,two,1,1.0
allurement,of,1,1.0
ruttish,i,1,1.0
pricked,thee,1,1.0
bedclothes,about,1,1.0
drumming,a,1,1.0
impositions,i,1,1.0
fisnomy,is,1,1.0
tal,they,1,1.0
stirred,by,1,1.0
inner,court,1,1.0
pur,of,1,1.0
couplement,of,1,1.0
inaudible,and,1,1.0
rondure,hems,1,1.0
compt,but,1,1.0
furrows,i,1,1.0
unperfect,actor,1,1.0
resolvedly,more,1,1.0
ercharged,with,1,1.0
grates,me,1,1.0
blushest,antony,1,1.0
homager,else,1,1.0
emhracing,when,1,1.0
famoused,for,1,1.0
respose,for,1,1.0
worky,day,1,1.0
fiftyfold,a,1,1.0
debarred,the,1,1.0
lydia,and,1,1.0
becomings,kill,1,1.0
competitor,from,1,1.0
complexioned,night,1,1.0
featured,like,1,1.0
vacancy,with,1,1.0
dryness,of,1,1.0
lackeying,the,1,1.0
keels,of,1,1.0
borders,maritime,1,1.0
pansa,consuls,1,1.0
berry,on,1,1.0
unseminar,d,1,1.0
auguring,hope,1,1.0
cloyless,sauce,1,1.0
surfeiter,would,1,1.0
grievances,foregone,1,1.0
trespasses,to,1,1.0
enmities,may,1,1.0
embers,up,1,1.0
arinies,and,1,1.0
derogately,when,1,1.0
bemoaned,moan,1,1.0
uncurbable,her,1,1.0
shrewdness,of,1,1.0
rioting,in,1,1.0
gibe,my,1,1.0
erpicturing,that,1,1.0
mermaids,tended,1,1.0
adornings,at,1,1.0
landing,antony,1,1.0
ploughed,her,1,1.0
variety,other,1,1.0
satisfies,for,1,1.0
finn,d,1,1.0
fervency,drew,1,1.0
mantles,on,1,1.0
bluest,veins,1,1.0
malefactor,prithee,1,1.0
submerg,d,1,1.0
scal,d,1,1.0
factors,for,1,1.0
revengers,want,1,1.0
sardinia,and,1,1.0
casts,upon,1,1.0
apollodorus,carried,1,1.0
whatsome,er,1,1.0
strangler,of,1,1.0
nourisheth,it,1,1.0
plumpy,bacchus,1,1.0
antick,d,1,1.0
revenger,bear,1,1.0
fugitive,parthians,1,1.0
parthians,follow,1,1.0
routed,fly,1,1.0
accumulation,of,1,1.0
rhymers,invocate,1,1.0
darkens,him,1,1.0
magical,word,1,1.0
plied,them,1,1.0
bards,poets,1,1.0
harried,him,1,1.0
excusable,that,1,1.0
branchless,but,1,1.0
reconciler,wars,1,1.0
solder,up,1,1.0
rivality,would,1,1.0
stablishment,of,1,1.0
cilicia,and,1,1.0
phoenicia,she,1,1.0
pompeius,spoil,1,1.0
unrestor,d,1,1.0
neighs,of,1,1.0
nodded,him,1,1.0
bocchus,the,1,1.0
cappadocia,philadelphos,1,1.0
philadelphos,king,1,1.0
manchus,of,1,1.0
mede,and,1,1.0
abominations,turns,1,1.0
photinus,an,1,1.0
president,of,1,1.0
toryne,you,1,1.0
footmen,leave,1,1.0
phoenicians,go,1,1.0
publicola,and,1,1.0
caelius,are,1,1.0
buriest,thy,1,1.0
antoniad,the,1,1.0
ribaudred,nag,1,1.0
nag,of,1,1.0
breese,upon,1,1.0
loof,d,1,1.0
lamentably,had,1,1.0
peloponnesus,are,1,1.0
plods,dully,1,1.0
unnoble,swerving,1,1.0
rudder,tied,1,1.0
treaties,dodge,1,1.0
submits,her,1,1.0
mered,question,1,1.0
conquring,hand,1,1.0
unpress,d,1,1.0
viciousness,grow,1,1.0
basan,to,1,1.0
civilly,were,1,1.0
imitated,after,1,1.0
enfranched,bondman,1,1.0
terrene,moon,1,1.0
portends,alone,1,1.0
diminution,in,1,1.0
unwooed,and,1,1.0
fumblest,eros,1,1.0
unswept,stone,1,1.0
casaer,hath,1,1.0
saf,d,1,1.0
droven,them,1,1.0
gests,to,1,1.0
nourishes,our,1,1.0
shiny,and,1,1.0
swoons,rather,1,1.0
nests,the,1,1.0
sharpened,in,1,1.0
discandy,melt,1,1.0
privilage,your,1,1.0
doits,and,1,1.0
dislimns,and,1,1.0
annex,d,1,1.0
prosecution,of,1,1.0
crawls,to,1,1.0
transfix,the,1,1.0
