word1,word2,count,PMI
fe,fe,12,4.929057600038317
lulla,lulla,12,4.929057600038317
soud,soud,12,4.929057600038317
buttock,buttock,12,4.735237574022205
cargo,cargo,18,4.61907276172141
sa,sa,12,4.576875081926954
oh,oh,12,4.3269976087103545
sola,sola,16,4.258116319302542
buck,buck,22,3.8389118155631654
sans,sans,14,3.7918844070130056
l,envoy,20,3.7891785136370806
envoy,l,20,3.7891785136370806
willow,willow,30,3.735237574022204
howl,howl,12,3.6722797399376943
anjou,maine,12,3.599151476638107
maine,anjou,12,3.599151476638107
topas,topas,10,3.593098493890069
milford,haven,11,3.5861864994737394
haven,milford,11,3.5861864994737394
rosencrantz,guildenstern,22,3.5043244147783428
guildenstern,rosencrantz,22,3.5043244147783428
dramatis,personae,36,3.4976938358793297
personae,dramatis,36,3.4976938358793297
boist,rous,11,3.49332903047688
rous,boist,11,3.49332903047688
thane,cawdor,15,3.4405068835378727
cawdor,thane,15,3.4405068835378727
desp,rate,10,3.4105436601604295
rate,desp,10,3.4105436601604295
wonderful,wonderful,12,3.37275509927103
je,que,10,3.361149417369387
que,je,10,3.361149417369387
hey,hey,12,3.3372975653501666
le,beau,22,3.2758450862629735
beau,le,22,3.2758450862629735
wat,ry,13,3.2436604028915723
ry,wat,13,3.2436604028915723
davy,davy,30,3.2056019280031314
oswald,steward,11,3.168018658765819
steward,oswald,11,3.168018658765819
coz,coz,16,3.1455113177679674
laurence,cell,10,3.1205090487979117
cell,laurence,10,3.1205090487979117
malcolm,donalbain,11,3.1131177887652735
donalbain,malcolm,11,3.1131177887652735
threat,ning,17,3.0929942435599957
ning,threat,17,3.0929942435599957
de,nick,12,3.068345362955668
nick,de,12,3.068345362955668
robert,faulconbridge,10,3.0681209793382234
faulconbridge,robert,10,3.0681209793382234
cuckold,cuckold,12,3.0450414939936907
murd,rous,11,3.0309310325779237
rous,murd,11,3.0309310325779237
tish,ill,10,3.006332142045057
ill,tish,10,3.006332142045057
william,shakespeare,38,2.960574651484382
shakespeare,william,38,2.960574651484382
bishop,ely,11,2.951749786530299
ely,bishop,11,2.951749786530299
bawd,bawd,12,2.9510483686412434
saint,albans,19,2.943406626347368
albans,saint,19,2.943406626347368
et,le,15,2.9334224054407674
le,et,15,2.9334224054407674
phebe,silvius,15,2.9145370612803934
silvius,phebe,15,2.9145370612803934
east,west,13,2.911703155747531
west,east,13,2.911703155747531
tut,tut,10,2.8944291434129967
ta,en,97,2.8911795031251173
en,ta,97,2.8911795031251173
launcelot,gobbo,16,2.8671812121991627
gobbo,launcelot,16,2.8671812121991627
alarum,excursions,12,2.8664756158101543
excursions,alarum,12,2.8664756158101543
pow,rs,24,2.8504422100732234
rs,pow,24,2.8504422100732234
cinna,cinna,10,2.8498763539906924
sore,sore,12,2.846272229721867
stol,n,59,2.8452999735846665
n,stol,59,2.8452999735846665
elsinore,room,10,2.823036780898048
room,elsinore,10,2.823036780898048
elsinore,castle,14,2.809012758622053
castle,elsinore,14,2.809012758622053
walter,blunt,10,2.806514075969563
blunt,walter,10,2.806514075969563
pow,r,33,2.7958090925360937
r,pow,33,2.7958090925360937
topas,malvolio,12,2.792138951016719
malvolio,topas,12,2.792138951016719
thunder,lightning,10,2.7877646399567237
lightning,thunder,10,2.7877646399567237
fie,fie,124,2.772376580135926
katherine,je,10,2.765523536046835
je,katherine,10,2.765523536046835
count,rousillon,19,2.7650179750513773
rousillon,count,19,2.7650179750513773
caius,gar,21,2.761002296579178
gar,caius,21,2.761002296579178
reputation,reputation,10,2.728480673283469
friar,laurence,19,2.7208143125593236
laurence,friar,19,2.7208143125593236
joan,pucelle,10,2.7195425854956863
pucelle,joan,10,2.7195425854956863
prize,prize,10,2.7098006207751824
flow,rs,18,2.7059079174015426
rs,flow,18,2.7059079174015426
de,de,74,2.7020486357790956
hers,hers,12,2.7011708954246436
thieves,thieves,10,2.6915138618954426
ride,ride,14,2.688374660979872
ev,n,19,2.6841947819367755
n,ev,19,2.6841947819367755
touchstone,audrey,12,2.6835449322241676
audrey,touchstone,12,2.6835449322241676
la,pucelle,26,2.673785094935011
pucelle,la,26,2.673785094935011
de,nails,15,2.67233985406083
nails,de,15,2.67233985406083
trumpet,sounds,17,2.658104890649849
sounds,trumpet,17,2.658104890649849
pyramus,thisby,13,2.657394678746842
thisby,pyramus,13,2.657394678746842
drums,trumpets,14,2.652842064361552
trumpets,drums,14,2.652842064361552
thomas,lovell,12,2.6453324625828065
lovell,thomas,12,2.6453324625828065
sing,willow,14,2.643821871557568
willow,sing,14,2.643821871557568
sail,sail,10,2.6388559844507444
fal,hal,26,2.636780223548922
hal,fal,26,2.636780223548922
tish,done,10,2.6304228169138817
done,tish,10,2.6304228169138817
caius,dat,12,2.6291147000155504
dat,caius,12,2.6291147000155504
de,les,10,2.621187331613449
les,de,10,2.621187331613449
alack,alack,22,2.6122298120878624
charmian,iras,16,2.607614524424175
iras,charmian,16,2.607614524424175
fran,anon,10,2.6043636861765425
anon,fran,10,2.6043636861765425
je,de,13,2.594951980755249
de,je,13,2.594951980755249
hit,hit,12,2.5914735594099536
murther,murther,12,2.5914735594099536
rugby,caius,15,2.587722014857325
caius,rugby,15,2.587722014857325
archbishop,canterbury,10,2.5778896198064256
canterbury,archbishop,10,2.5778896198064256
list,list,12,2.576875081926955
le,le,12,2.576875081926955
ink,paper,10,2.570409039677723
paper,ink,10,2.570409039677723
hey,ho,17,2.5663589632417994
ho,hey,17,2.5663589632417994
heigh,ho,10,2.557758791479882
ho,heigh,10,2.557758791479882
hugh,evans,14,2.547491304241745
evans,hugh,14,2.547491304241745
doors,shut,11,2.532145320664444
shut,doors,11,2.532145320664444
alexandria,palace,12,2.5311175913662796
palace,alexandria,12,2.5311175913662796
host,bully,10,2.527657059256773
bully,host,10,2.527657059256773
encount,red,15,2.5268822250068124
red,encount,15,2.5268822250068124
lo,lo,16,2.5196528798405895
knock,knock,20,2.5168701475584503
trinculo,stephano,16,2.5114821203649633
stephano,trinculo,16,2.5114821203649633
alice,de,11,2.507678056785931
de,alice,11,2.507678056785931
don,pedro,21,2.504642695834658
pedro,don,21,2.504642695834658
de,et,12,2.5040739325171057
et,de,12,2.5040739325171057
katherine,de,24,2.4975430653581476
de,katherine,24,2.4975430653581476
ent,red,23,2.4958096920047783
red,ent,23,2.4958096920047783
hundred,fifty,10,2.4957679148432916
fifty,hundred,10,2.4957679148432916
ling,ring,12,2.4942891579891664
ring,ling,12,2.4942891579891664
fluellen,gower,13,2.494273812707752
gower,fluellen,13,2.494273812707752
quoth,quoth,12,2.494089711610505
mrs,overdone,15,2.4806604965805494
overdone,mrs,15,2.4806604965805494
nym,humour,15,2.476504536809392
humour,nym,15,2.476504536809392
chief,justice,68,2.474683592917766
justice,chief,68,2.474683592917766
la,la,16,2.4739271139215813
lysander,hermia,28,2.4712838039848837
hermia,lysander,28,2.4712838039848837
wall,wall,16,2.462862136721659
demetrius,chiron,22,2.460307585793969
chiron,demetrius,22,2.460307585793969
guiderius,arviragus,12,2.453023440959869
arviragus,guiderius,12,2.453023440959869
gar,de,10,2.4520449325130955
de,gar,10,2.4520449325130955
toby,andrew,15,2.4517192523464244
andrew,toby,15,2.4517192523464244
act,sc,32,2.4501755980870428
sc,act,32,2.4501755980870428
rememb,red,25,2.4477009789591873
red,rememb,25,2.4477009789591873
eros,eros,10,2.441636388678843
dromio,syracuse,129,2.4397042268411937
syracuse,dromio,129,2.4397042268411937
drum,colours,17,2.4329423052543464
colours,drum,17,2.4329423052543464
antipholus,syracuse,125,2.431906711775955
syracuse,antipholus,125,2.431906711775955
antipholus,ephesus,87,2.428376437295446
ephesus,antipholus,87,2.428376437295446
county,paris,10,2.422755556411108
paris,county,10,2.422755556411108
belarius,arviragus,12,2.4200231808569437
arviragus,belarius,12,2.4200231808569437
awake,awake,14,2.4159351669438944
speed,item,17,2.4128723224790125
item,speed,17,2.4128723224790125
saint,george,21,2.408293424650019
george,saint,21,2.408293424650019
trumpets,sound,42,2.4042906821963452
sound,trumpets,42,2.4042906821963452
thomas,mowbray,11,2.4007838228712735
mowbray,thomas,11,2.4007838228712735
ha,ha,114,2.387445515947904
trinculo,monster,11,2.3839192399305142
monster,trinculo,11,2.3839192399305142
lorenzo,jessica,10,2.374659306125823
jessica,lorenzo,10,2.374659306125823
charles,alencon,13,2.372059671609379
alencon,charles,13,2.372059671609379
dromio,ephesus,77,2.3694657276233553
ephesus,dromio,77,2.3694657276233553
de,le,16,2.3693753586196493
le,de,16,2.3693753586196493
quince,bottom,12,2.367509027935228
bottom,quince,12,2.367509027935228
signior,benedick,19,2.3635670783671845
benedick,signior,19,2.3635670783671845
fourth,citizen,19,2.3556668172835935
citizen,fourth,19,2.3556668172835935
e,en,35,2.355200084856186
en,e,35,2.355200084856186
wand,ring,14,2.3456361472804246
ring,wand,14,2.3456361472804246
montague,montague,10,2.327350616405705
stephano,monster,14,2.326803770509456
monster,stephano,14,2.326803770509456
cymbeline,britain,12,2.326116342777003
britain,cymbeline,12,2.326116342777003
music,plays,13,2.3163756066899652
plays,music,13,2.3163756066899652
fool,nuncle,15,2.3130024050617313
nuncle,fool,15,2.3130024050617313
launcelot,launcelot,12,2.3055498779268087
snow,white,10,2.2985788738356807
white,snow,10,2.2985788738356807
chamber,window,11,2.29604847235126
window,chamber,11,2.29604847235126
don,claudio,15,2.293573853223405
claudio,don,15,2.293573853223405
howe,er,13,2.292878425561754
er,howe,13,2.292878425561754
alexandria,cleopatra,12,2.288079542679985
cleopatra,alexandria,12,2.288079542679985
amen,amen,12,2.2846190105704784
titus,lartius,16,2.2836046265652135
lartius,titus,16,2.2836046265652135
afar,off,17,2.2835775364936644
off,afar,17,2.2835775364936644
jack,cade,15,2.27982012768871
cade,jack,15,2.27982012768871
past,cure,14,2.272959398025485
cure,past,14,2.272959398025485
room,castle,13,2.269324191537268
castle,room,13,2.269324191537268
mrs,ford,102,2.2642497682716964
ford,mrs,102,2.2642497682716964
ne,er,227,2.2600337373482637
er,ne,227,2.2600337373482637
whoe,er,10,2.258116319302542
er,whoe,10,2.258116319302542
whate,er,26,2.258116319302542
er,whate,26,2.258116319302542
adieu,adieu,16,2.2494735717372567
varro,servant,26,2.2454477854062116
servant,varro,26,2.2454477854062116
woo,woo,18,2.2424213307760237
soldiers,messengers,11,2.2396276494648943
messengers,soldiers,11,2.2396276494648943
thousand,ducats,26,2.2328104540377716
ducats,thousand,26,2.2328104540377716
la,de,15,2.227403282712569
de,la,15,2.227403282712569
menas,pompey,16,2.20955799440406
pompey,menas,16,2.20955799440406
bene,beatrice,11,2.2091803976373448
beatrice,bene,11,2.2091803976373448
signior,leonato,12,2.2035032647456543
leonato,signior,12,2.2035032647456543
hero,leonato,11,2.199138459343204
leonato,hero,11,2.199138459343204
devil,dam,10,2.1984771809788173
dam,devil,10,2.1984771809788173
achilles,patroclus,17,2.198405926756852
patroclus,achilles,17,2.198405926756852
murd,red,12,2.1980231354780737
red,murd,12,2.1980231354780737
gower,captain,13,2.1956905529908584
captain,gower,13,2.1956905529908584
act,v,51,2.1928486372148335
v,act,51,2.1928486372148335
signior,gremio,17,2.19032366218433
gremio,signior,17,2.19032366218433
measure,measure,12,2.1777303721165464
london,palace,30,2.1747092643272983
palace,london,30,2.1747092643272983
lucentio,tranio,24,2.173921482448364
tranio,lucentio,24,2.173921482448364
harry,percy,13,2.167722595981224
percy,harry,13,2.167722595981224
earl,surrey,10,2.164694634140307
surrey,earl,10,2.164694634140307
nestor,ulysses,10,2.164582572603908
ulysses,nestor,10,2.164582572603908
julius,caesar,14,2.160948287948814
caesar,julius,14,2.160948287948814
mrs,page,120,2.1572497210392116
page,mrs,120,2.1572497210392116
days,nights,10,2.1561494050670453
nights,days,10,2.1561494050670453
davy,shallow,15,2.1557100580574944
shallow,davy,15,2.1557100580574944
enobarbus,agrippa,11,2.1519934452958878
agrippa,enobarbus,11,2.1519934452958878
double,double,10,2.1455113177679674
stephano,stephano,10,2.1455113177679674
iii,scene,142,2.142369899480707
scene,iii,142,2.142369899480707
anon,anon,20,2.1406063930148616
ii,scene,166,2.138561534980527
scene,ii,166,2.138561534980527
caius,marcius,23,2.1365364942320624
marcius,caius,23,2.1365364942320624
white,rose,12,2.1363158142035688
rose,white,12,2.1363158142035688
jack,jack,10,2.13591355200443
patroclus,thersites,11,2.1351561486763297
thersites,patroclus,11,2.1351561486763297
five,hundred,19,2.1335434584377886
hundred,five,19,2.1335434584377886
v,scene,94,2.1333513352398294
scene,v,94,2.1333513352398294
kate,kate,14,2.133276861350956
market,place,18,2.1308387018021855
place,market,18,2.1308387018021855
scene,vii,19,2.1291731626214734
vii,scene,19,2.1291731626214734
flourish,trumpets,14,2.1289053539248806
trumpets,flourish,14,2.1289053539248806
prince,morocco,11,2.1285904754214813
morocco,prince,11,2.1285904754214813
britain,palace,10,2.1256004843899032
palace,britain,10,2.1256004843899032
ten,times,38,2.125384900130374
times,ten,38,2.125384900130374
princess,france,107,2.122700088669219
france,princess,107,2.122700088669219
humbly,thank,21,2.122538465957612
thank,humbly,21,2.122538465957612
knocking,within,19,2.122270894954198
within,knocking,19,2.122270894954198
stand,aloof,13,2.1212884719825342
aloof,stand,13,2.1212884719825342
iv,scene,112,2.1178822096863574
scene,iv,112,2.1178822096863574
hero,hero,18,2.1154488157338105
portia,nerissa,14,2.1134087083799726
nerissa,portia,14,2.1134087083799726
rain,wind,14,2.1092317466144923
wind,rain,14,2.1092317466144923
ben,romeo,12,2.1075440716335443
romeo,ben,12,2.1075440716335443
scene,vi,26,2.1040249074044874
vi,scene,26,2.1040249074044874
pedro,benedick,12,2.1039967937866955
benedick,pedro,12,2.1039967937866955
mak,st,26,2.099197396020472
st,mak,26,2.099197396020472
cut,throat,10,2.0984528941868743
throat,cut,10,2.0984528941868743
hark,hark,24,2.0936841475683083
beard,beard,10,2.0894538705674806
gav,st,16,2.0846386758495474
st,gav,16,2.0846386758495474
e,er,79,2.0801964492004528
er,e,79,2.0801964492004528
lucentio,biondello,10,2.073402180870397
biondello,lucentio,10,2.073402180870397
london,tower,12,2.072404219432536
tower,london,12,2.072404219432536
polixenes,camillo,11,2.0707391906253974
camillo,polixenes,11,2.0707391906253974
prospero,ariel,14,2.070273421535945
ariel,prospero,14,2.070273421535945
shed,tears,15,2.0691990795573245
tears,shed,15,2.0691990795573245
thomas,norfolk,10,2.0649917209480804
norfolk,thomas,10,2.0649917209480804
pedro,leonato,10,2.064324089022744
leonato,pedro,10,2.064324089022744
bassanio,gratiano,13,2.064135967997497
gratiano,bassanio,13,2.064135967997497
london,street,12,2.0618111459351116
street,london,12,2.0618111459351116
captain,fluellen,16,2.060753046295823
fluellen,captain,16,2.060753046295823
gremio,baptista,11,2.0597191871531613
baptista,gremio,11,2.0597191871531613
doctor,caius,15,2.053157511251793
caius,doctor,15,2.053157511251793
nym,bardolph,12,2.0482797242328865
bardolph,nym,12,2.0482797242328865
tybalt,romeo,10,2.0479583816493
romeo,tybalt,10,2.0479583816493
open,gates,16,2.04696906948805
gates,open,16,2.04696906948805
act,iv,45,2.0469316802682855
iv,act,45,2.0469316802682855
com,st,22,2.0468501149601477
st,com,22,2.0468501149601477
buy,buy,10,2.045353589081332
toby,fabian,15,2.0448855305144047
fabian,toby,15,2.0448855305144047
cam,st,30,2.041369985692567
st,cam,30,2.041369985692567
queen,elizabeth,113,2.040745126934368
elizabeth,queen,113,2.040745126934368
robert,shallow,11,2.0403166393554244
shallow,robert,11,2.0403166393554244
seven,years,13,2.0387655859856864
years,seven,13,2.0387655859856864
ho,ho,42,2.0369530548224097
titus,andronicus,13,2.0353598412937166
andronicus,titus,13,2.0353598412937166
fall,n,54,2.033542974176259
n,fall,54,2.033542974176259
petruchio,hortensio,24,2.027871819901167
hortensio,petruchio,24,2.027871819901167
signior,baptista,15,2.0278718199011667
baptista,signior,15,2.0278718199011667
tak,st,12,2.0266467288718606
st,tak,12,2.0266467288718606
sun,shine,10,2.0260354768611695
shine,sun,10,2.0260354768611695
thousand,crowns,18,2.019234230387405
crowns,thousand,18,2.019234230387405
prince,wales,54,2.0179592038530583
wales,prince,54,2.0179592038530583
woe,woe,16,2.0169684568908424
cleopatra,iras,11,2.0147625348830362
iras,cleopatra,11,2.0147625348830362
lucentio,bianca,14,2.0146672149229294
bianca,lucentio,14,2.0146672149229294
romeo,romeo,22,2.0101698207599004
officers,attendants,11,2.006650656530844
attendants,officers,11,2.006650656530844
tribunes,people,13,1.9994422054304213
people,tribunes,13,1.9994422054304213
bad,bad,14,1.9993832820897293
caius,de,15,1.9956462444359635
de,caius,15,1.9956462444359635
henry,fifth,17,1.9925438575594239
fifth,henry,17,1.9925438575594239
banish,banish,14,1.9925169304129415
sound,trumpet,17,1.9917462549809615
trumpet,sound,17,1.9917462549809615
silver,sound,13,1.9906341046115938
sound,silver,13,1.9906341046115938
salt,tears,12,1.9896631626186907
tears,salt,12,1.9896631626186907
thousand,pound,15,1.9858104749004555
pound,thousand,15,1.9858104749004555
duke,senior,35,1.9779387408837912
senior,duke,35,1.9779387408837912
third,citizen,38,1.9768771627067816
citizen,third,38,1.9768771627067816
three,months,13,1.9743142704605745
months,three,13,1.9743142704605745
thousand,marks,10,1.9739112516007478
marks,thousand,10,1.9739112516007478
dar,st,45,1.9722890665492678
st,dar,45,1.9722890665492678
earl,westmoreland,12,1.969718030924252
westmoreland,earl,12,1.969718030924252
act,iii,45,1.9683490483497608
iii,act,45,1.9683490483497608
henry,sixth,16,1.9662149188370748
sixth,henry,16,1.9662149188370748
petruchio,kate,19,1.9648724309615655
kate,petruchio,19,1.9648724309615655
quick,quick,10,1.9633503790733025
ho,murther,10,1.962998038893419
murther,ho,10,1.962998038893419
talbot,burgundy,11,1.9622334836068518
burgundy,talbot,11,1.9622334836068518
help,help,84,1.9571856022952745
mouth,stop,11,1.9562974142810194
stop,mouth,11,1.9562974142810194
ten,thousand,40,1.9538412688254136
thousand,ten,40,1.9538412688254136
poor,tom,15,1.9529369817385016
tom,poor,15,1.9529369817385016
charmian,cleopatra,23,1.9515328020232106
cleopatra,charmian,23,1.9515328020232106
past,past,18,1.9513149471635844
foul,fiend,12,1.9510769228002929
fiend,foul,12,1.9510769228002929
marcus,titus,25,1.9503294228998254
titus,marcus,25,1.9503294228998254
agamemnon,ajax,10,1.9467863669987489
ajax,agamemnon,10,1.9467863669987489
cassius,casca,13,1.94478134649311
casca,cassius,13,1.94478134649311
leontes,paulina,10,1.9434066263473682
paulina,leontes,10,1.9434066263473682
who,chooseth,11,1.9413913351120426
chooseth,who,11,1.9413913351120426
eldest,son,15,1.940788566823882
son,eldest,15,1.940788566823882
act,scene,228,1.9318926044958544
scene,act,228,1.9318926044958544
take,heed,48,1.9278175612783632
heed,take,48,1.9278175612783632
oath,oath,16,1.9234816498061897
arm,arm,26,1.9206539860900753
hamlet,hamlet,10,1.917624613154294
osw,madam,14,1.9136229933712863
madam,osw,14,1.9136229933712863
white,beard,10,1.9073722478226116
beard,white,10,1.9073722478226116
page,hugh,13,1.9032162880514538
hugh,page,13,1.9032162880514538
camp,near,15,1.902708224409449
near,camp,15,1.902708224409449
five,twenty,16,1.902473269081673
twenty,five,16,1.902473269081673
demetrius,lysander,12,1.9002322699490146
lysander,demetrius,12,1.9002322699490146
fly,fly,42,1.8989134583154528
tongue,tied,12,1.897144435576606
tied,tongue,12,1.897144435576606
long,ago,10,1.8947300055531229
ago,long,10,1.8947300055531229
hortensio,signior,11,1.8931732460037107
signior,hortensio,11,1.8931732460037107
three,ducats,15,1.89196990422544
ducats,three,15,1.89196990422544
money,purse,11,1.8884552599242441
purse,money,11,1.8884552599242441
mock,mock,10,1.888425596013717
sir,topas,32,1.8871593548860885
topas,sir,32,1.8871593548860885
act,ii,44,1.8869611029034254
ii,act,44,1.8869611029034254
em,em,20,1.8839694384955006
took,pains,10,1.8801110962778256
pains,took,10,1.8801110962778256
had,lief,16,1.8729391904841124
lief,had,16,1.8729391904841124
slender,anne,13,1.8721967078579025
anne,slender,13,1.8721967078579025
half,half,36,1.8718671225936188
point,point,14,1.871418660755981
antony,octavius,16,1.8700151177320252
octavius,antony,16,1.8700151177320252
sebastian,antonio,24,1.8681237941902273
antonio,sebastian,24,1.8681237941902273
brutus,lucilius,11,1.8673738467030543
lucilius,brutus,11,1.8673738467030543
run,run,26,1.8625775697764575
claud,hero,10,1.8601763106305045
hero,claud,10,1.8601763106305045
wind,blow,10,1.859759587922788
blow,wind,10,1.859759587922788
de,sin,13,1.8559528543337536
sin,de,13,1.8559528543337536
ye,ye,54,1.855624393572749
base,base,16,1.855322070661639
master,parson,10,1.8489002890681332
parson,master,10,1.8489002890681332
public,place,15,1.8458955260316592
place,public,15,1.8458955260316592
worse,worse,16,1.8444645672388427
five,five,12,1.840921511337766
high,low,17,1.8408381014403754
low,high,17,1.8408381014403754
officers,soldiers,11,1.831587313888531
soldiers,officers,11,1.831587313888531
into,creep,10,1.8308120157515773
creep,into,10,1.8308120157515773
ham,horatio,10,1.8280154520670253
horatio,ham,10,1.8280154520670253
twenty,years,18,1.8279122206707932
years,twenty,18,1.8279122206707932
slender,shallow,17,1.8275025732750037
shallow,slender,17,1.8275025732750037
twenty,times,20,1.827447982805206
times,twenty,20,1.827447982805206
master,froth,13,1.8266238943569808
froth,master,13,1.8266238943569808
news,abroad,12,1.8245704887259222
abroad,news,12,1.8245704887259222
maecenas,caesar,10,1.822934726031663
caesar,maecenas,10,1.822934726031663
fire,burn,14,1.8225995716511536
burn,fire,14,1.8225995716511536
marcius,marcius,12,1.8225055077641183
cut,off,52,1.822188688052364
off,cut,52,1.822188688052364
second,outlaw,11,1.8202389736811067
outlaw,second,11,1.8202389736811067
earl,march,12,1.8189942435568647
march,earl,12,1.8189942435568647
dark,light,13,1.8174978324183926
light,dark,13,1.8174978324183926
thersites,achilles,12,1.8135510985386023
achilles,thersites,12,1.8135510985386023
margaret,queen,118,1.8128763574156854
queen,margaret,118,1.8128763574156854
both,sides,17,1.812801558983505
sides,both,17,1.812801558983505
second,murderer,31,1.810998316946194
murderer,second,31,1.810998316946194
rosalind,celia,19,1.8107754656120523
celia,rosalind,19,1.8107754656120523
piece,work,10,1.8097192158447744
work,piece,10,1.8097192158447744
don,john,15,1.8076947594749262
john,don,15,1.8076947594749262
round,about,17,1.8073240033052287
about,round,17,1.8073240033052287
simpcox,master,11,1.8073187391615941
master,simpcox,11,1.8073187391615941
timon,alcibiades,12,1.806268503736894
alcibiades,timon,12,1.806268503736894
exeunt,severally,14,1.8049727808203127
severally,exeunt,14,1.8049727808203127
cry,mercy,22,1.8039091695681433
mercy,cry,22,1.8039091695681433
john,rugby,10,1.7943307979169447
rugby,john,10,1.7943307979169447
first,senator,58,1.7901970761422992
senator,first,58,1.7901970761422992
red,rose,11,1.7901236597813934
rose,red,11,1.7901236597813934
god,den,12,1.7868246082436035
den,god,12,1.7868246082436035
malvolio,olivia,11,1.7779734354737435
olivia,malvolio,11,1.7779734354737435
blood,shed,18,1.7775728317354378
shed,blood,18,1.7775728317354378
knave,knave,16,1.7770178227373425
mistress,ford,69,1.7728542363851334
ford,mistress,69,1.7728542363851334
third,witch,12,1.7726599027558139
witch,third,12,1.7726599027558139
kill,kill,54,1.7706783530779238
joy,joy,20,1.7705141895976462
clifford,clifford,10,1.767966736138427
cymbeline,palace,10,1.7670909836742423
palace,cymbeline,10,1.7670909836742423
lucio,isabella,11,1.766887099119583
isabella,lucio,11,1.766887099119583
lips,kiss,15,1.7649874251071538
kiss,lips,15,1.7649874251071538
sir,andrew,41,1.7628441567652358
andrew,sir,41,1.7628441567652358
horse,horse,30,1.7599050441696553
master,brook,36,1.7596771047263677
brook,master,36,1.7596771047263677
neither,nor,91,1.7590942662984521
nor,neither,91,1.7590942662984521
achilles,achilles,14,1.7546914300296885
fenton,page,10,1.7497643944609436
page,fenton,10,1.7497643944609436
six,thousand,10,1.7497212861694889
thousand,six,10,1.7497212861694889
light,light,36,1.7475713090959297
gracious,sovereign,15,1.7459016846043043
sovereign,gracious,15,1.7459016846043043
lady,faulconbridge,10,1.7444939216799138
faulconbridge,lady,10,1.7444939216799138
field,battle,11,1.743901931355131
battle,field,11,1.743901931355131
silvia,valentine,15,1.7421577434704296
valentine,silvia,15,1.7421577434704296
troilus,pandarus,23,1.741892601919492
pandarus,troilus,23,1.741892601919492
achilles,hector,18,1.7401993961517013
hector,achilles,18,1.7401993961517013
rosalind,orlando,21,1.7397678564630075
orlando,rosalind,21,1.7397678564630075
sing,sing,10,1.7372713524561179
aeneas,troilus,10,1.735244522789505
troilus,aeneas,10,1.735244522789505
old,athenian,13,1.7344578805604693
athenian,old,13,1.7344578805604693
john,gaunt,19,1.7342658423163926
gaunt,john,19,1.7342658423163926
pass,along,10,1.7306204647127557
along,pass,10,1.7306204647127557
sin,sin,12,1.730383334053339
talbot,talbot,14,1.7290674785097573
four,five,10,1.7288913536752097
five,four,10,1.7288913536752097
about,neck,14,1.7288326612659166
neck,about,14,1.7288326612659166
bianca,cassio,14,1.7288179894028757
cassio,bianca,14,1.7288179894028757
clown,sings,15,1.7269781590309292
sings,clown,15,1.7269781590309292
john,lancaster,21,1.7265790136501016
lancaster,john,21,1.7265790136501016
pedro,claudio,13,1.7223354856798565
claudio,pedro,13,1.7223354856798565
twas,twas,12,1.7195258306305425
somerset,somerset,10,1.719361667150265
through,through,32,1.7192348179870074
parolles,bertram,11,1.7188120647483303
bertram,parolles,11,1.7188120647483303
how,fares,29,1.7181374253267991
fares,how,29,1.7181374253267991
macbeth,banquo,10,1.71504208426901
banquo,macbeth,10,1.71504208426901
reads,letter,10,1.7088187201039133
letter,reads,10,1.7088187201039133
three,four,28,1.7083355988195976
four,three,28,1.7083355988195976
water,water,10,1.707623799822069
o,woful,11,1.7075722305142367
woful,o,11,1.7075722305142367
pale,looks,13,1.707192147109257
looks,pale,13,1.707192147109257
humphrey,duke,36,1.7071165726487225
duke,humphrey,36,1.7071165726487225
valentine,proteus,23,1.7039759779530803
proteus,valentine,23,1.7039759779530803
eat,drink,10,1.7027606467723218
drink,eat,10,1.7027606467723218
self,self,20,1.7023546104530956
second,merchant,17,1.7017343470782167
merchant,second,17,1.7017343470782167
wedding,day,14,1.6996957743012575
day,wedding,14,1.6996957743012575
won,lost,11,1.6986841642073027
lost,won,11,1.6986841642073027
left,behind,13,1.69782333580245
behind,left,13,1.69782333580245
emilia,desdemona,15,1.6970658449501363
desdemona,emilia,15,1.6970658449501363
four,four,10,1.6960424420602784
few,words,12,1.695982130215718
words,few,12,1.695982130215718
twenty,thousand,23,1.6943257971427048
thousand,twenty,23,1.6943257971427048
music,music,18,1.6942767659234974
sit,sit,20,1.6941987856122167
fare,well,134,1.6939387113199567
well,fare,134,1.6939387113199567
whence,came,11,1.6926978575418035
came,whence,11,1.6926978575418035
door,door,10,1.6903091607570722
caesar,agrippa,15,1.6903091607570722
agrippa,caesar,15,1.6903091607570722
slender,page,21,1.6894185420897794
page,slender,21,1.6894185420897794
yours,yours,28,1.6846744373651372
foul,foul,22,1.6843673030825779
one,nail,10,1.6833352383622935
nail,one,10,1.6833352383622935
richer,than,16,1.6826975280881817
than,richer,16,1.6826975280881817
sun,moon,14,1.6823612260606562
moon,sun,14,1.6823612260606562
earl,northumberland,10,1.6818210505315532
northumberland,earl,10,1.6818210505315532
page,ford,54,1.681022996979579
ford,page,54,1.681022996979579
winchester,gloucester,17,1.6809977432102876
gloucester,winchester,17,1.6809977432102876
charles,bastard,11,1.6804156738340243
bastard,charles,11,1.6804156738340243
oxford,warwick,10,1.6784424530476842
warwick,oxford,10,1.6784424530476842
lift,up,11,1.6769551417245177
up,lift,11,1.6769551417245177
antonio,bassanio,14,1.6763649028791403
bassanio,antonio,14,1.6763649028791403
kneel,down,20,1.6761803074745567
down,kneel,20,1.6761803074745567
senate,house,10,1.6756347798536455
house,senate,10,1.6756347798536455
richard,ratcliff,10,1.6752351613302439
ratcliff,richard,10,1.6752351613302439
five,thousand,19,1.6747385409423339
thousand,five,19,1.6747385409423339
petruchio,katherina,10,1.674219606709029
katherina,petruchio,10,1.674219606709029
brutus,cassius,46,1.6729715552367912
cassius,brutus,46,1.6729715552367912
pistol,bardolph,15,1.6726886801580256
bardolph,pistol,15,1.6726886801580256
high,treason,10,1.6719072179813164
treason,high,10,1.6719072179813164
julia,proteus,14,1.6710406678221457
proteus,julia,14,1.6710406678221457
jack,falstaff,17,1.6702654308924154
falstaff,jack,17,1.6702654308924154
fetch,hither,15,1.6697982901859538
hither,fetch,15,1.6697982901859538
hands,wash,10,1.6693920613086446
wash,hands,10,1.6693920613086446
master,fenton,16,1.6690160409953128
fenton,master,16,1.6690160409953128
exit,attendant,15,1.6688907732039617
attendant,exit,15,1.6688907732039617
anne,page,32,1.6672522021535296
page,anne,32,1.6672522021535296
robert,son,13,1.6665517477478375
son,robert,13,1.6665517477478375
needs,must,89,1.6625913650903592
must,needs,89,1.6625913650903592
two,months,11,1.6625158953361665
months,two,11,1.6625158953361665
drink,drink,10,1.6621970318281498
sir,toby,232,1.6619759373784382
toby,sir,232,1.6619759373784382
octavia,caesar,11,1.6582729287567635
caesar,octavia,11,1.6582729287567635
drown,tears,10,1.656195324449411
tears,drown,10,1.656195324449411
brave,brave,10,1.6457563713347676
antony,eros,13,1.6457563713347676
eros,antony,13,1.6457563713347676
despair,die,10,1.6449089671987822
die,despair,10,1.6449089671987822
each,each,22,1.6432651033557995
second,citizen,41,1.6406311409025882
citizen,second,41,1.6406311409025882
second,senator,20,1.6393488317436566
senator,second,20,1.6393488317436566
longer,stay,20,1.6392903290855358
stay,longer,20,1.6392903290855358
thousand,times,26,1.6390229886757992
times,thousand,26,1.6390229886757992
lady,grey,32,1.6378240713827013
grey,lady,32,1.6378240713827013
hadst,been,27,1.6371833043998008
been,hadst,27,1.6371833043998008
hundred,thousand,14,1.6351625678625612
thousand,hundred,14,1.6351625678625612
margaret,hero,10,1.6348670289046416
hero,margaret,10,1.6348670289046416
yes,yes,16,1.6346085971910334
shylock,antonio,11,1.6340405881568592
antonio,shylock,11,1.6340405881568592
tale,told,10,1.6335619721371786
told,tale,10,1.6335619721371786
first,murderer,42,1.6313361600095082
murderer,first,42,1.6313361600095082
haste,haste,10,1.6296211278387016
young,arthur,13,1.6293910886563656
arthur,young,13,1.6293910886563656
cassio,cassio,24,1.6279665360065874
richard,plantagenet,15,1.6275935268950172
plantagenet,richard,15,1.6275935268950172
thank,pains,10,1.6266076139133663
pains,thank,10,1.6266076139133663
both,alike,10,1.6218611788889046
alike,both,10,1.6218611788889046
adriana,husband,11,1.6217998768234625
husband,adriana,11,1.6217998768234625
page,mistress,73,1.6197468842501417
mistress,page,73,1.6197468842501417
antipholus,dromio,18,1.6185412978795564
dromio,antipholus,18,1.6185412978795564
queen,katharine,39,1.6168517539293548
katharine,queen,39,1.6168517539293548
each,other,61,1.6157938895810484
other,each,61,1.6157938895810484
praise,praise,12,1.6130348067240925
elder,brother,10,1.610968166431763
brother,elder,10,1.610968166431763
archbishop,york,13,1.6100116298994291
york,archbishop,13,1.6100116298994291
stay,awhile,17,1.6093271057080927
awhile,stay,17,1.6093271057080927
flesh,blood,33,1.608505356206719
blood,flesh,33,1.608505356206719
norfolk,suffolk,12,1.6059344663061532
suffolk,norfolk,12,1.6059344663061532
toby,knight,10,1.604487082819482
knight,toby,10,1.604487082819482
drop,blood,18,1.604329415552583
blood,drop,18,1.604329415552583
sir,hugh,41,1.6019928642662913
hugh,sir,41,1.6019928642662913
edward,wales,10,1.6014739125571382
wales,edward,10,1.6014739125571382
re,enter,251,1.5998678471010266
enter,re,251,1.5998678471010266
god,forbid,24,1.5988341258882144
forbid,god,24,1.5988341258882144
mark,antony,47,1.5984711449843052
antony,mark,47,1.5984711449843052
morrow,morning,15,1.5962960644285096
morning,morrow,15,1.5962960644285096
duke,milan,16,1.5934085465366998
milan,duke,16,1.5934085465366998
timon,apemantus,16,1.5926854343888752
apemantus,timon,16,1.5926854343888752
get,gone,49,1.5900850735035508
gone,get,49,1.5900850735035508
excursions,enter,17,1.589866380766648
enter,excursions,17,1.589866380766648
falstaff,brook,13,1.58852196808019
brook,falstaff,13,1.58852196808019
thanks,thanks,10,1.5880041158623095
care,care,16,1.5851968516054828
a,barne,10,1.5849110375234967
barne,a,10,1.5849110375234967
self,same,17,1.5833610510860359
same,self,17,1.5833610510860359
an,ass,60,1.5827877755087285
ass,an,60,1.5827877755087285
lucetta,madam,11,1.5824912654841963
madam,lucetta,11,1.5824912654841963
roderigo,iago,13,1.5798473407350786
iago,roderigo,13,1.5798473407350786
first,murtherer,16,1.5771466008366448
murtherer,first,16,1.5771466008366448
marcus,lucius,12,1.5766579889547245
lucius,marcus,12,1.5766579889547245
enter,disguised,18,1.5751814232080066
disguised,enter,18,1.5751814232080066
sit,down,47,1.5741668928283705
down,sit,47,1.5741668928283705
dog,dog,14,1.5681836814110197
who,knocks,11,1.5678106722994498
knocks,who,11,1.5678106722994498
fare,ye,13,1.5658362703486288
ye,fare,13,1.5658362703486288
gold,gold,16,1.5654103704012647
highness,pleasure,11,1.563654712528292
pleasure,highness,11,1.563654712528292
fain,would,49,1.5631095098639831
would,fain,49,1.5631095098639831
lords,officers,13,1.5600345196448353
officers,lords,13,1.5600345196448353
henry,fourth,10,1.5596747384031195
fourth,henry,10,1.5596747384031195
captain,captain,10,1.558049803923004
cannot,choose,25,1.5577144638429097
choose,cannot,25,1.5577144638429097
troilus,troilus,20,1.555678889348522
york,somerset,23,1.5538016389824651
somerset,york,23,1.5538016389824651
am,sorry,63,1.5534897808882944
sorry,am,63,1.5534897808882944
work,work,12,1.553108359969206
royal,person,10,1.5524304647956053
person,royal,10,1.5524304647956053
wrong,wrong,24,1.5523894142277879
over,over,14,1.55155946172947
katharine,ye,10,1.5511869872575754
ye,katharine,10,1.5511869872575754
alas,alas,16,1.5498994410077402
t,possible,22,1.5494884040756187
possible,t,22,1.5494884040756187
serve,turn,21,1.5480715240767502
turn,serve,21,1.5480715240767502
an,egg,10,1.5473154573465095
egg,an,10,1.5473154573465095
thousand,year,10,1.5464777810701928
year,thousand,10,1.5464777810701928
help,ho,21,1.5455243350628702
ho,help,21,1.5455243350628702
