Stage Id ▾,Description,Submitted,Duration,Tasks: Succeeded/Total,Input,Output,Shuffle Read,Shuffle Write
309,leftOuterJoin at /var/folders/h8/bw1cd3457g94csx__x2kmt700000gn/T/ipykernel_20572/764354895.py:37+details,"Thursday, 13 November 2025",3 s,136/136,513.0 B,,1842.0 B,1692.0 B
308,reduceByKey at /var/folders/h8/bw1cd3457g94csx__x2kmt700000gn/T/ipykernel_20572/764354895.py:33+details,"Thursday, 13 November 2025",2 s,128/128,,,1789.0 B,1842.0 B
285,sum at /var/folders/h8/bw1cd3457g94csx__x2kmt700000gn/T/ipykernel_20572/764354895.py:29+details,"Thursday, 13 November 2025",2 s,128/128,,,1789.0 B,
284,join at /var/folders/h8/bw1cd3457g94csx__x2kmt700000gn/T/ipykernel_20572/764354895.py:28+details,"Thursday, 13 November 2025",3 s,128/128,691.0 B,,1692.0 B,1789.0 B
262,takeOrdered at /var/folders/h8/bw1cd3457g94csx__x2kmt700000gn/T/ipykernel_20572/764354895.py:45+details,"Thursday, 13 November 2025",2 s,120/120,,,1692.0 B,
240,sum at /var/folders/h8/bw1cd3457g94csx__x2kmt700000gn/T/ipykernel_20572/764354895.py:43+details,"Thursday, 13 November 2025",2 s,120/120,,,1692.0 B,
239,leftOuterJoin at /var/folders/h8/bw1cd3457g94csx__x2kmt700000gn/T/ipykernel_20572/764354895.py:37+details,"Thursday, 13 November 2025",3 s,120/120,513.0 B,,1922.0 B,1692.0 B
238,reduceByKey at /var/folders/h8/bw1cd3457g94csx__x2kmt700000gn/T/ipykernel_20572/764354895.py:33+details,"Thursday, 13 November 2025",2 s,112/112,,,1721.0 B,1922.0 B
218,sum at /var/folders/h8/bw1cd3457g94csx__x2kmt700000gn/T/ipykernel_20572/764354895.py:29+details,"Thursday, 13 November 2025",2 s,112/112,,,1721.0 B,
217,join at /var/folders/h8/bw1cd3457g94csx__x2kmt700000gn/T/ipykernel_20572/764354895.py:28+details,"Thursday, 13 November 2025",3 s,112/112,691.0 B,,1624.0 B,1721.0 B
198,takeOrdered at /var/folders/h8/bw1cd3457g94csx__x2kmt700000gn/T/ipykernel_20572/764354895.py:45+details,"Thursday, 13 November 2025",1 s,104/104,,,1624.0 B,
179,sum at /var/folders/h8/bw1cd3457g94csx__x2kmt700000gn/T/ipykernel_20572/764354895.py:43+details,"Thursday, 13 November 2025",1 s,104/104,,,1624.0 B,
178,leftOuterJoin at /var/folders/h8/bw1cd3457g94csx__x2kmt700000gn/T/ipykernel_20572/764354895.py:37+details,"Thursday, 13 November 2025",3 s,104/104,513.0 B,,1922.0 B,1624.0 B
177,reduceByKey at /var/folders/h8/bw1cd3457g94csx__x2kmt700000gn/T/ipykernel_20572/764354895.py:33+details,"Thursday, 13 November 2025",1 s,96/96,,,1789.0 B,1922.0 B
160,sum at /var/folders/h8/bw1cd3457g94csx__x2kmt700000gn/T/ipykernel_20572/764354895.py:29+details,"Thursday, 13 November 2025",1 s,96/96,,,1789.0 B,
159,join at /var/folders/h8/bw1cd3457g94csx__x2kmt700000gn/T/ipykernel_20572/764354895.py:28+details,"Thursday, 13 November 2025",3 s,96/96,691.0 B,,1692.0 B,1789.0 B
143,takeOrdered at /var/folders/h8/bw1cd3457g94csx__x2kmt700000gn/T/ipykernel_20572/764354895.py:45+details,"Thursday, 13 November 2025",1 s,88/88,,,1692.0 B,
127,sum at /var/folders/h8/bw1cd3457g94csx__x2kmt700000gn/T/ipykernel_20572/764354895.py:43+details,"Thursday, 13 November 2025",2 s,88/88,,,1692.0 B,
126,leftOuterJoin at /var/folders/h8/bw1cd3457g94csx__x2kmt700000gn/T/ipykernel_20572/764354895.py:37+details,"Thursday, 13 November 2025",3 s,88/88,513.0 B,,1842.0 B,1692.0 B
125,reduceByKey at /var/folders/h8/bw1cd3457g94csx__x2kmt700000gn/T/ipykernel_20572/764354895.py:33+details,"Thursday, 13 November 2025",1 s,80/80,,,1789.0 B,1842.0 B
111,sum at /var/folders/h8/bw1cd3457g94csx__x2kmt700000gn/T/ipykernel_20572/764354895.py:29+details,"Thursday, 13 November 2025",1 s,80/80,,,1789.0 B,
110,join at /var/folders/h8/bw1cd3457g94csx__x2kmt700000gn/T/ipykernel_20572/764354895.py:28+details,"Thursday, 13 November 2025",2 s,80/80,691.0 B,,1692.0 B,1789.0 B
97,takeOrdered at /var/folders/h8/bw1cd3457g94csx__x2kmt700000gn/T/ipykernel_20572/764354895.py:45+details,"Thursday, 13 November 2025",1 s,72/72,,,1692.0 B,
84,sum at /var/folders/h8/bw1cd3457g94csx__x2kmt700000gn/T/ipykernel_20572/764354895.py:43+details,"Thursday, 13 November 2025",1 s,72/72,,,1692.0 B,
83,leftOuterJoin at /var/folders/h8/bw1cd3457g94csx__x2kmt700000gn/T/ipykernel_20572/764354895.py:37+details,"Thursday, 13 November 2025",2 s,72/72,513.0 B,,1842.0 B,1692.0 B
82,reduceByKey at /var/folders/h8/bw1cd3457g94csx__x2kmt700000gn/T/ipykernel_20572/764354895.py:33+details,"Thursday, 13 November 2025",1 s,64/64,,,1789.0 B,1842.0 B
71,sum at /var/folders/h8/bw1cd3457g94csx__x2kmt700000gn/T/ipykernel_20572/764354895.py:29+details,"Thursday, 13 November 2025",0.9 s,64/64,,,1789.0 B,
70,join at /var/folders/h8/bw1cd3457g94csx__x2kmt700000gn/T/ipykernel_20572/764354895.py:28+details,"Thursday, 13 November 2025",2 s,64/64,691.0 B,,1624.0 B,1789.0 B
60,takeOrdered at /var/folders/h8/bw1cd3457g94csx__x2kmt700000gn/T/ipykernel_20572/764354895.py:45+details,"Thursday, 13 November 2025",0.7 s,56/56,,,1624.0 B,
50,sum at /var/folders/h8/bw1cd3457g94csx__x2kmt700000gn/T/ipykernel_20572/764354895.py:43+details,"Thursday, 13 November 2025",0.7 s,56/56,,,1624.0 B,
49,leftOuterJoin at /var/folders/h8/bw1cd3457g94csx__x2kmt700000gn/T/ipykernel_20572/764354895.py:37+details,"Thursday, 13 November 2025",1 s,56/56,513.0 B,,1918.0 B,1624.0 B
48,reduceByKey at /var/folders/h8/bw1cd3457g94csx__x2kmt700000gn/T/ipykernel_20572/764354895.py:33+details,"Thursday, 13 November 2025",0.7 s,48/48,,,1785.0 B,1918.0 B
40,sum at /var/folders/h8/bw1cd3457g94csx__x2kmt700000gn/T/ipykernel_20572/764354895.py:29+details,"Thursday, 13 November 2025",0.7 s,48/48,,,1785.0 B,
39,join at /var/folders/h8/bw1cd3457g94csx__x2kmt700000gn/T/ipykernel_20572/764354895.py:28+details,"Thursday, 13 November 2025",1 s,48/48,691.0 B,,1621.0 B,1785.0 B
32,takeOrdered at /var/folders/h8/bw1cd3457g94csx__x2kmt700000gn/T/ipykernel_20572/764354895.py:45+details,"Thursday, 13 November 2025",0.5 s,40/40,,,1621.0 B,
25,sum at /var/folders/h8/bw1cd3457g94csx__x2kmt700000gn/T/ipykernel_20572/764354895.py:43+details,"Thursday, 13 November 2025",0.5 s,40/40,,,1621.0 B,
24,leftOuterJoin at /var/folders/h8/bw1cd3457g94csx__x2kmt700000gn/T/ipykernel_20572/764354895.py:37+details,"Thursday, 13 November 2025",1 s,40/40,513.0 B,,1737.0 B,1621.0 B
23,reduceByKey at /var/folders/h8/bw1cd3457g94csx__x2kmt700000gn/T/ipykernel_20572/764354895.py:33+details,"Thursday, 13 November 2025",0.5 s,32/32,,,1707.0 B,1737.0 B
18,sum at /var/folders/h8/bw1cd3457g94csx__x2kmt700000gn/T/ipykernel_20572/764354895.py:29+details,"Thursday, 13 November 2025",0.4 s,32/32,,,1707.0 B,
17,join at /var/folders/h8/bw1cd3457g94csx__x2kmt700000gn/T/ipykernel_20572/764354895.py:28+details,"Thursday, 13 November 2025",0.9 s,32/32,691.0 B,,1598.0 B,1707.0 B
13,takeOrdered at /var/folders/h8/bw1cd3457g94csx__x2kmt700000gn/T/ipykernel_20572/764354895.py:45+details,"Thursday, 13 November 2025",0.4 s,24/24,,,1598.0 B,
9,sum at /var/folders/h8/bw1cd3457g94csx__x2kmt700000gn/T/ipykernel_20572/764354895.py:43+details,"Thursday, 13 November 2025",0.3 s,24/24,,,1598.0 B,
8,leftOuterJoin at /var/folders/h8/bw1cd3457g94csx__x2kmt700000gn/T/ipykernel_20572/764354895.py:37+details,"Thursday, 13 November 2025",0.7 s,24/24,513.0 B,,1547.0 B,1598.0 B
7,reduceByKey at /var/folders/h8/bw1cd3457g94csx__x2kmt700000gn/T/ipykernel_20572/764354895.py:33+details,"Thursday, 13 November 2025",0.2 s,16/16,,,1594.0 B,1547.0 B
5,sum at /var/folders/h8/bw1cd3457g94csx__x2kmt700000gn/T/ipykernel_20572/764354895.py:29+details,"Thursday, 13 November 2025",0.3 s,16/16,,,1594.0 B,
4,join at /var/folders/h8/bw1cd3457g94csx__x2kmt700000gn/T/ipykernel_20572/764354895.py:28+details,"Thursday, 13 November 2025",0.7 s,16/16,691.0 B,,,1594.0 B
3,collectAsMap at /var/folders/h8/bw1cd3457g94csx__x2kmt700000gn/T/ipykernel_20572/764354895.py:10+details,"Thursday, 13 November 2025",73 ms,02-Feb,,,425.0 B,
2,groupByKey at /var/folders/h8/bw1cd3457g94csx__x2kmt700000gn/T/ipykernel_20572/764354895.py:10+details,"Thursday, 13 November 2025",0.1 s,02-Feb,147.0 B,,,425.0 B
1,collect at /var/folders/h8/bw1cd3457g94csx__x2kmt700000gn/T/ipykernel_20572/764354895.py:9+details,"Thursday, 13 November 2025",96 ms,02-Feb,,,346.0 B,
0,distinct at /var/folders/h8/bw1cd3457g94csx__x2kmt700000gn/T/ipykernel_20572/764354895.py:9+details,"Thursday, 13 November 2025",0.8 s,02-Feb,147.0 B,,,346.0 B
632,collect at /var/folders/h8/bw1cd3457g94csx__x2kmt700000gn/T/ipykernel_20572/1594799859.py:6+details,13/11/2025 16:49,13 ms,01-Jan,2.8 MiB,,,
631,collect at /var/folders/h8/bw1cd3457g94csx__x2kmt700000gn/T/ipykernel_20572/1594799859.py:5+details,13/11/2025 16:49,30 ms,01-Jan,2.8 MiB,,,
630,collect at /var/folders/h8/bw1cd3457g94csx__x2kmt700000gn/T/ipykernel_20572/36095053.py:49+details,13/11/2025 16:48,7 ms,01-Jan,,,70.0 B,
628,collect at /var/folders/h8/bw1cd3457g94csx__x2kmt700000gn/T/ipykernel_20572/36095053.py:49+details,13/11/2025 16:48,0.1 s,01-Jan,734.1 KiB,,,70.0 B
627,collect at AreaUnderCurve.scala:44+details,13/11/2025 16:48,39 ms,01-Jan,,,13.0 KiB,
624,collect at BinaryClassificationMetrics.scala:240+details,13/11/2025 16:48,17 ms,01-Jan,,,13.0 KiB,
621,count at BinaryClassificationMetrics.scala:199+details,13/11/2025 16:48,18 ms,01-Jan,,,13.0 KiB,
620,combineByKey at BinaryClassificationMetrics.scala:190+details,13/11/2025 16:48,22 ms,01-Jan,,,13.0 KiB,13.0 KiB
619,map at BinaryClassificationMetrics.scala:50+details,13/11/2025 16:48,0.1 s,01-Jan,2.8 MiB,,,13.0 KiB
618,treeAggregate at RDDLossFunction.scala:61+details,13/11/2025 16:48,7 ms,01-Jan,1608.8 KiB,,,
617,treeAggregate at RDDLossFunction.scala:61+details,13/11/2025 16:48,10 ms,01-Jan,1608.8 KiB,,,
616,treeAggregate at RDDLossFunction.scala:61+details,13/11/2025 16:48,7 ms,01-Jan,1608.8 KiB,,,
615,treeAggregate at RDDLossFunction.scala:61+details,13/11/2025 16:48,11 ms,01-Jan,1608.8 KiB,,,
614,treeAggregate at RDDLossFunction.scala:61+details,13/11/2025 16:48,5 ms,01-Jan,1608.8 KiB,,,
613,treeAggregate at RDDLossFunction.scala:61+details,13/11/2025 16:48,6 ms,01-Jan,1608.8 KiB,,,
612,treeAggregate at RDDLossFunction.scala:61+details,13/11/2025 16:48,5 ms,01-Jan,1608.8 KiB,,,
611,treeAggregate at RDDLossFunction.scala:61+details,13/11/2025 16:48,5 ms,01-Jan,1608.8 KiB,,,
610,treeAggregate at RDDLossFunction.scala:61+details,13/11/2025 16:48,5 ms,01-Jan,1608.8 KiB,,,
609,treeAggregate at RDDLossFunction.scala:61+details,13/11/2025 16:48,6 ms,01-Jan,1608.8 KiB,,,
608,treeAggregate at RDDLossFunction.scala:61+details,13/11/2025 16:48,5 ms,01-Jan,1608.8 KiB,,,
607,treeAggregate at RDDLossFunction.scala:61+details,13/11/2025 16:48,6 ms,01-Jan,1608.8 KiB,,,
606,treeAggregate at RDDLossFunction.scala:61+details,13/11/2025 16:48,6 ms,01-Jan,1608.8 KiB,,,
605,treeAggregate at RDDLossFunction.scala:61+details,13/11/2025 16:48,5 ms,01-Jan,1608.8 KiB,,,
604,treeAggregate at RDDLossFunction.scala:61+details,13/11/2025 16:48,5 ms,01-Jan,1608.8 KiB,,,
603,treeAggregate at RDDLossFunction.scala:61+details,13/11/2025 16:48,6 ms,01-Jan,1608.8 KiB,,,
602,treeAggregate at RDDLossFunction.scala:61+details,13/11/2025 16:48,6 ms,01-Jan,1608.8 KiB,,,
601,treeAggregate at RDDLossFunction.scala:61+details,13/11/2025 16:48,6 ms,01-Jan,1608.8 KiB,,,
600,treeAggregate at RDDLossFunction.scala:61+details,13/11/2025 16:48,6 ms,01-Jan,1608.8 KiB,,,
599,treeAggregate at RDDLossFunction.scala:61+details,13/11/2025 16:48,12 ms,01-Jan,1608.8 KiB,,,
598,treeAggregate at RDDLossFunction.scala:61+details,13/11/2025 16:48,8 ms,01-Jan,1608.8 KiB,,,
597,treeAggregate at RDDLossFunction.scala:61+details,13/11/2025 16:48,6 ms,01-Jan,1608.8 KiB,,,
596,treeAggregate at RDDLossFunction.scala:61+details,13/11/2025 16:48,6 ms,01-Jan,1608.8 KiB,,,
595,treeAggregate at RDDLossFunction.scala:61+details,13/11/2025 16:48,5 ms,01-Jan,1608.8 KiB,,,
594,treeAggregate at RDDLossFunction.scala:61+details,13/11/2025 16:48,6 ms,01-Jan,1608.8 KiB,,,
593,treeAggregate at RDDLossFunction.scala:61+details,13/11/2025 16:48,6 ms,01-Jan,1608.8 KiB,,,
592,treeAggregate at RDDLossFunction.scala:61+details,13/11/2025 16:48,8 ms,01-Jan,1608.8 KiB,,,
591,treeAggregate at RDDLossFunction.scala:61+details,13/11/2025 16:48,6 ms,01-Jan,1608.8 KiB,,,
590,treeAggregate at RDDLossFunction.scala:61+details,13/11/2025 16:48,7 ms,01-Jan,1608.8 KiB,,,
589,treeAggregate at RDDLossFunction.scala:61+details,13/11/2025 16:48,6 ms,01-Jan,1608.8 KiB,,,
588,treeAggregate at RDDLossFunction.scala:61+details,13/11/2025 16:48,5 ms,01-Jan,1608.8 KiB,,,
587,treeAggregate at RDDLossFunction.scala:61+details,13/11/2025 16:48,8 ms,01-Jan,1608.8 KiB,,,
586,treeAggregate at RDDLossFunction.scala:61+details,13/11/2025 16:48,6 ms,01-Jan,1608.8 KiB,,,
585,treeAggregate at RDDLossFunction.scala:61+details,13/11/2025 16:48,6 ms,01-Jan,1608.8 KiB,,,
584,treeAggregate at RDDLossFunction.scala:61+details,13/11/2025 16:48,8 ms,01-Jan,1608.8 KiB,,,
583,treeAggregate at RDDLossFunction.scala:61+details,13/11/2025 16:48,22 ms,01-Jan,1608.8 KiB,,,
582,treeAggregate at RDDLossFunction.scala:61+details,13/11/2025 16:48,9 ms,01-Jan,1608.8 KiB,,,
581,treeAggregate at RDDLossFunction.scala:61+details,13/11/2025 16:48,9 ms,01-Jan,1608.8 KiB,,,
580,treeAggregate at RDDLossFunction.scala:61+details,13/11/2025 16:48,6 ms,01-Jan,1608.8 KiB,,,
579,treeAggregate at RDDLossFunction.scala:61+details,13/11/2025 16:48,5 ms,01-Jan,1608.8 KiB,,,
578,treeAggregate at RDDLossFunction.scala:61+details,13/11/2025 16:48,6 ms,01-Jan,1608.8 KiB,,,
577,treeAggregate at RDDLossFunction.scala:61+details,13/11/2025 16:48,6 ms,01-Jan,1608.8 KiB,,,
576,treeAggregate at RDDLossFunction.scala:61+details,13/11/2025 16:48,6 ms,01-Jan,1608.8 KiB,,,
575,treeAggregate at RDDLossFunction.scala:61+details,13/11/2025 16:48,9 ms,01-Jan,1608.8 KiB,,,
574,treeAggregate at RDDLossFunction.scala:61+details,13/11/2025 16:48,7 ms,01-Jan,1608.8 KiB,,,
573,treeAggregate at RDDLossFunction.scala:61+details,13/11/2025 16:48,6 ms,01-Jan,1608.8 KiB,,,
572,treeAggregate at RDDLossFunction.scala:61+details,13/11/2025 16:48,6 ms,01-Jan,1608.8 KiB,,,
571,treeAggregate at RDDLossFunction.scala:61+details,13/11/2025 16:48,7 ms,01-Jan,1608.8 KiB,,,
570,treeAggregate at RDDLossFunction.scala:61+details,13/11/2025 16:48,12 ms,01-Jan,1608.8 KiB,,,
569,treeAggregate at RDDLossFunction.scala:61+details,13/11/2025 16:48,26 ms,01-Jan,1608.8 KiB,,,
568,treeAggregate at RDDLossFunction.scala:61+details,13/11/2025 16:48,7 ms,01-Jan,1608.8 KiB,,,
567,treeAggregate at RDDLossFunction.scala:61+details,13/11/2025 16:48,6 ms,01-Jan,1608.8 KiB,,,
566,treeAggregate at RDDLossFunction.scala:61+details,13/11/2025 16:48,6 ms,01-Jan,1608.8 KiB,,,
565,treeAggregate at RDDLossFunction.scala:61+details,13/11/2025 16:48,6 ms,01-Jan,1608.8 KiB,,,
564,treeAggregate at RDDLossFunction.scala:61+details,13/11/2025 16:48,7 ms,01-Jan,1608.8 KiB,,,
563,treeAggregate at RDDLossFunction.scala:61+details,13/11/2025 16:48,6 ms,01-Jan,1608.8 KiB,,,
562,treeAggregate at RDDLossFunction.scala:61+details,13/11/2025 16:48,7 ms,01-Jan,1608.8 KiB,,,
561,treeAggregate at RDDLossFunction.scala:61+details,13/11/2025 16:48,10 ms,01-Jan,1608.8 KiB,,,
560,treeAggregate at RDDLossFunction.scala:61+details,13/11/2025 16:48,7 ms,01-Jan,1608.8 KiB,,,
559,treeAggregate at RDDLossFunction.scala:61+details,13/11/2025 16:48,6 ms,01-Jan,1608.8 KiB,,,
558,treeAggregate at RDDLossFunction.scala:61+details,13/11/2025 16:48,7 ms,01-Jan,1608.8 KiB,,,
557,treeAggregate at RDDLossFunction.scala:61+details,13/11/2025 16:48,7 ms,01-Jan,1608.8 KiB,,,
556,treeAggregate at RDDLossFunction.scala:61+details,13/11/2025 16:48,9 ms,01-Jan,1608.8 KiB,,,
555,treeAggregate at RDDLossFunction.scala:61+details,13/11/2025 16:48,10 ms,01-Jan,1608.8 KiB,,,
554,treeAggregate at RDDLossFunction.scala:61+details,13/11/2025 16:48,8 ms,01-Jan,1608.8 KiB,,,
553,treeAggregate at RDDLossFunction.scala:61+details,13/11/2025 16:48,8 ms,01-Jan,1608.8 KiB,,,
552,treeAggregate at RDDLossFunction.scala:61+details,13/11/2025 16:48,0.1 s,01-Jan,2.8 MiB,,,
551,treeAggregate at Summarizer.scala:238+details,13/11/2025 16:48,0.2 s,01-Jan,2.8 MiB,,,
550,$anonfun$withThreadLocalCaptured$2 at CompletableFuture.java:1768+details,13/11/2025 16:48,3 ms,01-Jan,,,59.0 B,
548,$anonfun$withThreadLocalCaptured$2 at CompletableFuture.java:1768+details,13/11/2025 16:48,27 ms,01-Jan,2.8 MiB,,,59.0 B
547,$anonfun$withThreadLocalCaptured$2 at CompletableFuture.java:1768+details,13/11/2025 16:48,7 ms,01-Jan,,,59.0 B,
545,$anonfun$withThreadLocalCaptured$2 at CompletableFuture.java:1768+details,13/11/2025 16:48,90 ms,01-Jan,2.8 MiB,,,59.0 B
544,count at NativeMethodAccessorImpl.java:0+details,13/11/2025 16:48,1 s,01-Jan,466.7 KiB,,,
543,toPandas at /var/folders/h8/bw1cd3457g94csx__x2kmt700000gn/T/ipykernel_20572/764354895.py:52+details,13/11/2025 16:47,38 ms,01-Jan,,,642.0 B,
541,toPandas at /var/folders/h8/bw1cd3457g94csx__x2kmt700000gn/T/ipykernel_20572/764354895.py:52+details,13/11/2025 16:47,0.1 s,08-Aug,,,,642.0 B
540,toPandas at /var/folders/h8/bw1cd3457g94csx__x2kmt700000gn/T/ipykernel_20572/764354895.py:52+details,13/11/2025 16:47,0.2 s,08-Aug,,,,
539,takeOrdered at /var/folders/h8/bw1cd3457g94csx__x2kmt700000gn/T/ipykernel_20572/764354895.py:48+details,13/11/2025 16:47,2 s,168/168,,,1691.0 B,
508,takeOrdered at /var/folders/h8/bw1cd3457g94csx__x2kmt700000gn/T/ipykernel_20572/764354895.py:45+details,13/11/2025 16:47,2 s,168/168,,,1691.0 B,
477,sum at /var/folders/h8/bw1cd3457g94csx__x2kmt700000gn/T/ipykernel_20572/764354895.py:43+details,13/11/2025 16:47,2 s,168/168,,,1691.0 B,
476,leftOuterJoin at /var/folders/h8/bw1cd3457g94csx__x2kmt700000gn/T/ipykernel_20572/764354895.py:37+details,13/11/2025 16:47,4 s,168/168,513.0 B,,1842.0 B,1691.0 B
475,reduceByKey at /var/folders/h8/bw1cd3457g94csx__x2kmt700000gn/T/ipykernel_20572/764354895.py:33+details,13/11/2025 16:47,2 s,160/160,,,1789.0 B,1842.0 B
446,sum at /var/folders/h8/bw1cd3457g94csx__x2kmt700000gn/T/ipykernel_20572/764354895.py:29+details,13/11/2025 16:47,2 s,160/160,,,1789.0 B,
445,join at /var/folders/h8/bw1cd3457g94csx__x2kmt700000gn/T/ipykernel_20572/764354895.py:28+details,13/11/2025 16:47,4 s,160/160,691.0 B,,1692.0 B,1789.0 B
417,takeOrdered at /var/folders/h8/bw1cd3457g94csx__x2kmt700000gn/T/ipykernel_20572/764354895.py:45+details,13/11/2025 16:47,2 s,152/152,,,1692.0 B,
389,sum at /var/folders/h8/bw1cd3457g94csx__x2kmt700000gn/T/ipykernel_20572/764354895.py:43+details,13/11/2025 16:47,2 s,152/152,,,1692.0 B,
388,leftOuterJoin at /var/folders/h8/bw1cd3457g94csx__x2kmt700000gn/T/ipykernel_20572/764354895.py:37+details,13/11/2025 16:47,4 s,152/152,513.0 B,,1922.0 B,1692.0 B
387,reduceByKey at /var/folders/h8/bw1cd3457g94csx__x2kmt700000gn/T/ipykernel_20572/764354895.py:33+details,13/11/2025 16:46,2 s,144/144,,,1789.0 B,1922.0 B
361,sum at /var/folders/h8/bw1cd3457g94csx__x2kmt700000gn/T/ipykernel_20572/764354895.py:29+details,13/11/2025 16:46,2 s,144/144,,,1789.0 B,
360,join at /var/folders/h8/bw1cd3457g94csx__x2kmt700000gn/T/ipykernel_20572/764354895.py:28+details,13/11/2025 16:46,4 s,144/144,691.0 B,,1692.0 B,1789.0 B
335,takeOrdered at /var/folders/h8/bw1cd3457g94csx__x2kmt700000gn/T/ipykernel_20572/764354895.py:45+details,13/11/2025 16:46,2 s,136/136,,,1692.0 B,
310,sum at /var/folders/h8/bw1cd3457g94csx__x2kmt700000gn/T/ipykernel_20572/764354895.py:43+details,13/11/2025 16:46,2 s,136/136,,,1692.0 B,