run_id,stage,metric,value,timestamp
baseline_lr,train,accuracy,0.5467083615318196,2025-12-07T04:17:16.858937
baseline_lr,train,precision,0.5466644427826668,2025-12-07T04:17:16.858937
baseline_lr,train,recall,0.5467083615318196,2025-12-07T04:17:16.858937
baseline_lr,train,f1,0.5438961977237085,2025-12-07T04:17:16.858937
baseline_lr,train,auc,0.5575512329563732,2025-12-07T04:17:16.858937
baseline_lr,train,auprc,0.5509055549706467,2025-12-07T04:17:16.858937
baseline_lr,validation,accuracy,0.5406229579612285,2025-12-07T04:17:19.941068
baseline_lr,validation,precision,0.5396224432440431,2025-12-07T04:17:19.941068
baseline_lr,validation,recall,0.5406229579612285,2025-12-07T04:17:19.941068
baseline_lr,validation,f1,0.5373627171660529,2025-12-07T04:17:19.941068
baseline_lr,validation,auc,0.5561048040242329,2025-12-07T04:17:19.941068
baseline_lr,validation,auprc,0.5625837312082783,2025-12-07T04:17:19.941068
baseline_lr,test,accuracy,0.5304366764673853,2025-12-07T04:17:22.423935
baseline_lr,test,precision,0.5332450907627044,2025-12-07T04:17:22.423935
baseline_lr,test,recall,0.5304366764673853,2025-12-07T04:17:22.423935
baseline_lr,test,f1,0.5277095543741569,2025-12-07T04:17:22.423935
baseline_lr,test,auc,0.5454320120775801,2025-12-07T04:17:22.423935
baseline_lr,test,auprc,0.5416640319367928,2025-12-07T04:17:22.423935
baseline_lr,train,accuracy,0.5467083615318196,2025-12-07T04:17:49.650173
baseline_lr,train,precision,0.5466644427826668,2025-12-07T04:17:49.650173
baseline_lr,train,recall,0.5467083615318196,2025-12-07T04:17:49.650173
baseline_lr,train,f1,0.5438961977237085,2025-12-07T04:17:49.650173
baseline_lr,train,auc,0.5575512329563732,2025-12-07T04:17:49.650173
baseline_lr,train,auprc,0.5509055549706467,2025-12-07T04:17:49.650173
baseline_lr,validation,accuracy,0.5406229579612285,2025-12-07T04:17:52.412023
baseline_lr,validation,precision,0.5396224432440431,2025-12-07T04:17:52.412023
baseline_lr,validation,recall,0.5406229579612285,2025-12-07T04:17:52.412023
baseline_lr,validation,f1,0.5373627171660529,2025-12-07T04:17:52.412023
baseline_lr,validation,auc,0.5561048040242329,2025-12-07T04:17:52.412023
baseline_lr,validation,auprc,0.5625837312082783,2025-12-07T04:17:52.412023
baseline_lr,test,accuracy,0.5304366764673853,2025-12-07T04:17:55.400210
baseline_lr,test,precision,0.5332450907627044,2025-12-07T04:17:55.400210
baseline_lr,test,recall,0.5304366764673853,2025-12-07T04:17:55.400210
baseline_lr,test,f1,0.5277095543741569,2025-12-07T04:17:55.400210
baseline_lr,test,auc,0.5454320120775801,2025-12-07T04:17:55.400210
baseline_lr,test,auprc,0.5416640319367928,2025-12-07T04:17:55.400210
baseline_lr,train,accuracy,0.5467083615318196,2025-12-07T04:18:24.594198
baseline_lr,train,precision,0.5466644427826668,2025-12-07T04:18:24.594198
baseline_lr,train,recall,0.5467083615318196,2025-12-07T04:18:24.594198
baseline_lr,train,f1,0.5438961977237085,2025-12-07T04:18:24.594198
baseline_lr,train,auc,0.5575512329563732,2025-12-07T04:18:24.594198
baseline_lr,train,auprc,0.5509055549706467,2025-12-07T04:18:24.594198
baseline_lr,validation,accuracy,0.5406229579612285,2025-12-07T04:18:27.365838
baseline_lr,validation,precision,0.5396224432440431,2025-12-07T04:18:27.365838
baseline_lr,validation,recall,0.5406229579612285,2025-12-07T04:18:27.365838
baseline_lr,validation,f1,0.5373627171660529,2025-12-07T04:18:27.365838
baseline_lr,validation,auc,0.5561048040242329,2025-12-07T04:18:27.365838
baseline_lr,validation,auprc,0.5625837312082783,2025-12-07T04:18:27.365838
baseline_lr,test,accuracy,0.5304366764673853,2025-12-07T04:18:29.838835
baseline_lr,test,precision,0.5332450907627044,2025-12-07T04:18:29.838835
baseline_lr,test,recall,0.5304366764673853,2025-12-07T04:18:29.838835
baseline_lr,test,f1,0.5277095543741569,2025-12-07T04:18:29.838835
baseline_lr,test,auc,0.5454320120775801,2025-12-07T04:18:29.838835
baseline_lr,test,auprc,0.5416640319367928,2025-12-07T04:18:29.838835
baseline_lr,train,accuracy,0.5467083615318196,2025-12-07T04:19:02.397190
baseline_lr,train,precision,0.5466644427826668,2025-12-07T04:19:02.397190
baseline_lr,train,recall,0.5467083615318196,2025-12-07T04:19:02.397190
baseline_lr,train,f1,0.5438961977237085,2025-12-07T04:19:02.397190
baseline_lr,train,auc,0.5575512329563732,2025-12-07T04:19:02.397190
baseline_lr,train,auprc,0.5509055549706467,2025-12-07T04:19:02.397190
baseline_lr,validation,accuracy,0.5406229579612285,2025-12-07T04:19:05.736940
baseline_lr,validation,precision,0.5396224432440431,2025-12-07T04:19:05.736940
baseline_lr,validation,recall,0.5406229579612285,2025-12-07T04:19:05.736940
baseline_lr,validation,f1,0.5373627171660529,2025-12-07T04:19:05.736940
baseline_lr,validation,auc,0.5561048040242329,2025-12-07T04:19:05.736940
baseline_lr,validation,auprc,0.5625837312082783,2025-12-07T04:19:05.736940
baseline_lr,test,accuracy,0.5304366764673853,2025-12-07T04:19:08.529831
baseline_lr,test,precision,0.5332450907627044,2025-12-07T04:19:08.529831
baseline_lr,test,recall,0.5304366764673853,2025-12-07T04:19:08.529831
baseline_lr,test,f1,0.5277095543741569,2025-12-07T04:19:08.529831
baseline_lr,test,auc,0.5454320120775801,2025-12-07T04:19:08.529831
baseline_lr,test,auprc,0.5416640319367928,2025-12-07T04:19:08.529831
baseline_lr,train,accuracy,0.5467083615318196,2025-12-07T04:19:36.457693
baseline_lr,train,precision,0.5466644427826668,2025-12-07T04:19:36.457693
baseline_lr,train,recall,0.5467083615318196,2025-12-07T04:19:36.457693
baseline_lr,train,f1,0.5438961977237085,2025-12-07T04:19:36.457693
baseline_lr,train,auc,0.5575512329563732,2025-12-07T04:19:36.457693
baseline_lr,train,auprc,0.5509055549706467,2025-12-07T04:19:36.457693
baseline_lr,validation,accuracy,0.5406229579612285,2025-12-07T04:19:39.903218
baseline_lr,validation,precision,0.5396224432440431,2025-12-07T04:19:39.903218
baseline_lr,validation,recall,0.5406229579612285,2025-12-07T04:19:39.903218
baseline_lr,validation,f1,0.5373627171660529,2025-12-07T04:19:39.903218
baseline_lr,validation,auc,0.5561048040242329,2025-12-07T04:19:39.903218
baseline_lr,validation,auprc,0.5625837312082783,2025-12-07T04:19:39.903218
baseline_lr,test,accuracy,0.5304366764673853,2025-12-07T04:19:43.271591
baseline_lr,test,precision,0.5332450907627044,2025-12-07T04:19:43.271591
baseline_lr,test,recall,0.5304366764673853,2025-12-07T04:19:43.271591
baseline_lr,test,f1,0.5277095543741569,2025-12-07T04:19:43.271591
baseline_lr,test,auc,0.5454320120775801,2025-12-07T04:19:43.271591
baseline_lr,test,auprc,0.5416640319367928,2025-12-07T04:19:43.271591
random_forest,train,accuracy,0.5631373830249002,2025-12-07T04:21:55.656434
random_forest,train,f1,0.5614220190158574,2025-12-07T04:21:55.656434
random_forest,train,auc,0.588644029047387,2025-12-07T04:21:55.656434
random_forest,test,accuracy,0.5362082108243493,2025-12-07T04:21:57.161779
random_forest,test,f1,0.5352621266476234,2025-12-07T04:21:57.161779
random_forest,test,auc,0.5530023056437775,2025-12-07T04:21:57.161779
gbt,train,accuracy,0.587220834986348,2025-12-07T04:23:02.591298
gbt,train,f1,0.5860363553983758,2025-12-07T04:23:02.591298
gbt,train,auc,0.6249132710351774,2025-12-07T04:23:02.591298
gbt,test,accuracy,0.5277142546008929,2025-12-07T04:23:04.005393
gbt,test,f1,0.5245665938765328,2025-12-07T04:23:04.005393
gbt,test,auc,0.541366407153608,2025-12-07T04:23:04.005393
ablation_price_only,test,accuracy,0.5232494827398454,2025-12-07T04:38:48.112976
ablation_price_only,test,f1,0.5137162444028105,2025-12-07T04:38:48.112976
ablation_price_only,test,auc,0.5441814290701326,2025-12-07T04:38:48.112976
ablation_combined,test,accuracy,0.5304366764673853,2025-12-07T04:38:52.832175
ablation_combined,test,f1,0.5277095543741569,2025-12-07T04:38:52.832175
ablation_combined,test,auc,0.5454320120775801,2025-12-07T04:38:52.832175
ablation_price_only,test,accuracy,0.5232494827398454,2025-12-07T04:39:10.239991
ablation_price_only,test,f1,0.5137162444028105,2025-12-07T04:39:10.239991
ablation_price_only,test,auc,0.5441814290701326,2025-12-07T04:39:10.239991
ablation_combined,test,accuracy,0.5304366764673853,2025-12-07T04:39:14.799688
ablation_combined,test,f1,0.5277095543741569,2025-12-07T04:39:14.799688
ablation_combined,test,auc,0.5454320120775801,2025-12-07T04:39:14.799688
baseline_lr,train,accuracy,0.7074849523370677,2025-12-07T16:09:09.922175
baseline_lr,train,precision,0.7081538030345861,2025-12-07T16:09:09.922175
baseline_lr,train,recall,0.7074849523370677,2025-12-07T16:09:09.922175
baseline_lr,train,f1,0.7068724713116812,2025-12-07T16:09:09.922175
baseline_lr,train,auc,0.7837453586041172,2025-12-07T16:09:09.922175
baseline_lr,train,auprc,0.7863001771295759,2025-12-07T16:09:09.922175
baseline_lr,validation,accuracy,0.6992339739282355,2025-12-07T16:09:12.601119
baseline_lr,validation,precision,0.6992590439104329,2025-12-07T16:09:12.601119
baseline_lr,validation,recall,0.6992339739282354,2025-12-07T16:09:12.601119
baseline_lr,validation,f1,0.6992068965671332,2025-12-07T16:09:12.601119
baseline_lr,validation,auc,0.7719986522030886,2025-12-07T16:09:12.601119
baseline_lr,validation,auprc,0.7722112110011526,2025-12-07T16:09:12.601119
baseline_lr,test,accuracy,0.6645612148904717,2025-12-07T16:09:15.312381
baseline_lr,test,precision,0.6654743034041145,2025-12-07T16:09:15.312381
baseline_lr,test,recall,0.6645612148904717,2025-12-07T16:09:15.312381
baseline_lr,test,f1,0.664403722094756,2025-12-07T16:09:15.312381
baseline_lr,test,auc,0.7316052992115071,2025-12-07T16:09:15.312381
baseline_lr,test,auprc,0.733911377407071,2025-12-07T16:09:15.312381
random_forest,train,accuracy,0.9923393715980762,2025-12-07T16:10:10.945100
random_forest,train,f1,0.9923401373422089,2025-12-07T16:10:10.945100
random_forest,train,auc,0.9999795995546413,2025-12-07T16:10:10.945100
random_forest,test,accuracy,0.9764816556914393,2025-12-07T16:10:12.986968
random_forest,test,f1,0.9764780552455111,2025-12-07T16:10:12.986968
random_forest,test,auc,0.9986836514671537,2025-12-07T16:10:12.986968
gbt,train,accuracy,0.9901506206260979,2025-12-07T16:11:17.985666
gbt,train,f1,0.9901515353237652,2025-12-07T16:11:17.985666
gbt,train,auc,0.9997814100494428,2025-12-07T16:11:17.985666
gbt,test,accuracy,0.9771536083859697,2025-12-07T16:11:19.449438
gbt,test,f1,0.9771505441142028,2025-12-07T16:11:19.449438
gbt,test,auc,0.9986660924457187,2025-12-07T16:11:19.449438
baseline_lr,train,accuracy,0.5467083615318196,2025-12-07T16:21:46.293241
baseline_lr,train,precision,0.5466644427826668,2025-12-07T16:21:46.293241
baseline_lr,train,recall,0.5467083615318196,2025-12-07T16:21:46.293241
baseline_lr,train,f1,0.5438961977237085,2025-12-07T16:21:46.293241
baseline_lr,train,auc,0.5575512329563732,2025-12-07T16:21:46.293241
baseline_lr,train,auprc,0.5509055549706467,2025-12-07T16:21:46.293241
baseline_lr,validation,accuracy,0.5406229579612285,2025-12-07T16:21:48.952405
baseline_lr,validation,precision,0.5396224432440431,2025-12-07T16:21:48.952405
baseline_lr,validation,recall,0.5406229579612285,2025-12-07T16:21:48.952405
baseline_lr,validation,f1,0.5373627171660529,2025-12-07T16:21:48.952405
baseline_lr,validation,auc,0.5561048040242329,2025-12-07T16:21:48.952405
baseline_lr,validation,auprc,0.5625837312082783,2025-12-07T16:21:48.952405
baseline_lr,test,accuracy,0.5304366764673853,2025-12-07T16:21:51.940163
baseline_lr,test,precision,0.5332450907627044,2025-12-07T16:21:51.940163
baseline_lr,test,recall,0.5304366764673853,2025-12-07T16:21:51.940163
baseline_lr,test,f1,0.5277095543741569,2025-12-07T16:21:51.940163
baseline_lr,test,auc,0.5454320120775801,2025-12-07T16:21:51.940163
baseline_lr,test,auprc,0.5416640319367928,2025-12-07T16:21:51.940163
baseline_lr,train,accuracy,0.546784843257391,2025-12-07T16:30:54.691354
baseline_lr,train,precision,0.5466267263917202,2025-12-07T16:30:54.691354
baseline_lr,train,recall,0.546784843257391,2025-12-07T16:30:54.691354
baseline_lr,train,f1,0.5416104513960817,2025-12-07T16:30:54.691354
baseline_lr,train,auc,0.5590061900495239,2025-12-07T16:30:54.691354
baseline_lr,train,auprc,0.5554071091399353,2025-12-07T16:30:54.691354
baseline_lr,validation,accuracy,0.5387602274303148,2025-12-07T16:30:58.653465
baseline_lr,validation,precision,0.5388457070071754,2025-12-07T16:30:58.653465
baseline_lr,validation,recall,0.5387602274303148,2025-12-07T16:30:58.653465
baseline_lr,validation,f1,0.5376713607285599,2025-12-07T16:30:58.653465
baseline_lr,validation,auc,0.5519108468899265,2025-12-07T16:30:58.653465
baseline_lr,validation,auprc,0.5334625559161946,2025-12-07T16:30:58.653465
baseline_lr,test,accuracy,0.5291323180103396,2025-12-07T16:31:01.912986
baseline_lr,test,precision,0.5379597577773623,2025-12-07T16:31:01.912986
baseline_lr,test,recall,0.5291323180103396,2025-12-07T16:31:01.912986
baseline_lr,test,f1,0.5116189092277705,2025-12-07T16:31:01.912986
baseline_lr,test,auc,0.5526920982356686,2025-12-07T16:31:01.912986
baseline_lr,test,auprc,0.5487723885402889,2025-12-07T16:31:01.912986
random_forest,train,accuracy,0.7363928380227233,2025-12-07T16:32:28.606285
random_forest,train,f1,0.73553537298198,2025-12-07T16:32:28.606285
random_forest,train,auc,0.8292618985892521,2025-12-07T16:32:28.606285
random_forest,test,accuracy,0.5419868660053095,2025-12-07T16:32:31.865977
random_forest,test,f1,0.5383016034079553,2025-12-07T16:32:31.865977
random_forest,test,auc,0.5482206946908834,2025-12-07T16:32:31.865977
gbt,train,accuracy,0.5835762298495033,2025-12-07T16:33:41.443285
gbt,train,f1,0.5821896685169301,2025-12-07T16:33:41.443285
gbt,train,auc,0.6199350845161317,2025-12-07T16:33:41.443285
gbt,test,accuracy,0.5284337012714825,2025-12-07T16:33:44.417500
gbt,test,f1,0.5019782098606369,2025-12-07T16:33:44.417500
gbt,test,auc,0.540113163545835,2025-12-07T16:33:44.417500
random_forest,train,accuracy,0.7363928380227233,2025-12-07T16:34:58.778470
random_forest,train,f1,0.73553537298198,2025-12-07T16:34:58.778470
random_forest,train,auc,0.8292618985892521,2025-12-07T16:34:58.778470
random_forest,test,accuracy,0.5419868660053095,2025-12-07T16:35:01.600370
random_forest,test,f1,0.5383016034079553,2025-12-07T16:35:01.600370
random_forest,test,auc,0.5482206946908834,2025-12-07T16:35:01.600370
gbt,train,accuracy,0.5835762298495033,2025-12-07T16:36:23.574902
gbt,train,f1,0.5821896685169301,2025-12-07T16:36:23.574902
gbt,train,auc,0.6199350845161317,2025-12-07T16:36:23.574902
gbt,test,accuracy,0.5284337012714825,2025-12-07T16:36:27.809950
gbt,test,f1,0.5019782098606369,2025-12-07T16:36:27.809950
gbt,test,auc,0.540113163545835,2025-12-07T16:36:27.809950
baseline_lr,train,accuracy,0.5438403426327999,2025-12-07T20:06:34.794353
baseline_lr,train,precision,0.5436047652671112,2025-12-07T20:06:34.794353
baseline_lr,train,recall,0.5438403426328,2025-12-07T20:06:34.794353
baseline_lr,train,f1,0.5383032735284031,2025-12-07T20:06:34.794353
baseline_lr,train,auc,0.5573359807968798,2025-12-07T20:06:34.794353
baseline_lr,train,auprc,0.5554400358444942,2025-12-07T20:06:34.794353
baseline_lr,validation,accuracy,0.5326584384967411,2025-12-07T20:06:38.967872
baseline_lr,validation,precision,0.5326559762504521,2025-12-07T20:06:38.967872
baseline_lr,validation,recall,0.5326584384967411,2025-12-07T20:06:38.967872
baseline_lr,validation,f1,0.5317938978220254,2025-12-07T20:06:38.967872
baseline_lr,validation,auc,0.5476798974706922,2025-12-07T20:06:38.967872
baseline_lr,validation,auprc,0.5339718214020797,2025-12-07T20:06:38.967872
baseline_lr,test,accuracy,0.5281542545759397,2025-12-07T20:06:44.704799
baseline_lr,test,precision,0.5380787342517612,2025-12-07T20:06:44.704799
baseline_lr,test,recall,0.5281542545759397,2025-12-07T20:06:44.704799
baseline_lr,test,f1,0.5077807714706652,2025-12-07T20:06:44.704799
baseline_lr,test,auc,0.5484699066328105,2025-12-07T20:06:44.704799
baseline_lr,test,auprc,0.5474563977205174,2025-12-07T20:06:44.704799
baseline_lr,train,accuracy,0.5438403426327999,2025-12-07T20:11:38.309170
baseline_lr,train,precision,0.5436047652671112,2025-12-07T20:11:38.309170
baseline_lr,train,recall,0.5438403426328,2025-12-07T20:11:38.309170
baseline_lr,train,f1,0.5383032735284031,2025-12-07T20:11:38.309170
baseline_lr,train,auc,0.5573359807968798,2025-12-07T20:11:38.309170
baseline_lr,train,auprc,0.5554400358444942,2025-12-07T20:11:38.309170
baseline_lr,validation,accuracy,0.5326584384967411,2025-12-07T20:11:43.117636
baseline_lr,validation,precision,0.5326559762504521,2025-12-07T20:11:43.117636
baseline_lr,validation,recall,0.5326584384967411,2025-12-07T20:11:43.117636
baseline_lr,validation,f1,0.5317938978220254,2025-12-07T20:11:43.117636
baseline_lr,validation,auc,0.5476798974706922,2025-12-07T20:11:43.117636
baseline_lr,validation,auprc,0.5339718214020797,2025-12-07T20:11:43.117636
baseline_lr,test,accuracy,0.5281542545759397,2025-12-07T20:11:46.970767
baseline_lr,test,precision,0.5380787342517612,2025-12-07T20:11:46.970767
baseline_lr,test,recall,0.5281542545759397,2025-12-07T20:11:46.970767
baseline_lr,test,f1,0.5077807714706652,2025-12-07T20:11:46.970767
baseline_lr,test,auc,0.5484699066328105,2025-12-07T20:11:46.970767
baseline_lr,test,auprc,0.5474563977205174,2025-12-07T20:11:46.970767
baseline_lr,train,accuracy,0.5438403426327999,2025-12-07T20:18:09.548123
baseline_lr,train,precision,0.5436047652671112,2025-12-07T20:18:09.548123
baseline_lr,train,recall,0.5438403426328,2025-12-07T20:18:09.548123
baseline_lr,train,f1,0.5383032735284031,2025-12-07T20:18:09.548123
baseline_lr,train,auc,0.5573359807968798,2025-12-07T20:18:09.548123
baseline_lr,train,auprc,0.5554400358444942,2025-12-07T20:18:09.548123
baseline_lr,validation,accuracy,0.5326584384967411,2025-12-07T20:18:14.432804
baseline_lr,validation,precision,0.5326559762504521,2025-12-07T20:18:14.432804
baseline_lr,validation,recall,0.5326584384967411,2025-12-07T20:18:14.432804
baseline_lr,validation,f1,0.5317938978220254,2025-12-07T20:18:14.432804
baseline_lr,validation,auc,0.5476798974706922,2025-12-07T20:18:14.432804
baseline_lr,validation,auprc,0.5339718214020797,2025-12-07T20:18:14.432804
baseline_lr,test,accuracy,0.5281542545759397,2025-12-07T20:18:19.732580
baseline_lr,test,precision,0.5380787342517612,2025-12-07T20:18:19.732580
baseline_lr,test,recall,0.5281542545759397,2025-12-07T20:18:19.732580
baseline_lr,test,f1,0.5077807714706652,2025-12-07T20:18:19.732580
baseline_lr,test,auc,0.5484699066328105,2025-12-07T20:18:19.732580
baseline_lr,test,auprc,0.5474563977205174,2025-12-07T20:18:19.732580
random_forest,train,accuracy,0.5710249241568021,2025-12-07T20:30:33.503746
random_forest,train,f1,0.5675059955806905,2025-12-07T20:30:33.503746
random_forest,train,auc,0.5988772773811877,2025-12-07T20:30:33.503746
random_forest,test,accuracy,0.5486935866983373,2025-12-07T20:30:35.637984
random_forest,test,f1,0.5397619577148258,2025-12-07T20:30:35.637984
random_forest,test,auc,0.5722907564826349,2025-12-07T20:30:35.637984
gbt,train,accuracy,0.5866397001963001,2025-12-07T20:31:37.707310
gbt,train,f1,0.5857531876422853,2025-12-07T20:31:37.707310
gbt,train,auc,0.6221197237482106,2025-12-07T20:31:37.707310
gbt,test,accuracy,0.5351404219645103,2025-12-07T20:31:39.521645
gbt,test,f1,0.5030392377659907,2025-12-07T20:31:39.521645
gbt,test,auc,0.5595246296853479,2025-12-07T20:31:39.521645
ablation_price_only,test,accuracy,0.539701733172108,2025-12-07T20:45:45.297284
ablation_price_only,test,f1,0.5350138227161394,2025-12-07T20:45:45.297284
ablation_price_only,test,auc,0.5522339043253515,2025-12-07T20:45:45.297284
ablation_blockchain_only,test,accuracy,0.5121454742841633,2025-12-07T20:45:48.603155
ablation_blockchain_only,test,f1,0.4628459925947675,2025-12-07T20:45:48.603155
ablation_blockchain_only,test,auc,0.510184418155547,2025-12-07T20:45:48.603155
ablation_combined,test,accuracy,0.5281542545759397,2025-12-07T20:45:55.444876
ablation_combined,test,f1,0.5077807714706652,2025-12-07T20:45:55.444876
ablation_combined,test,auc,0.5484699066328105,2025-12-07T20:45:55.444876
ablation_price_only,test,accuracy,0.539701733172108,2025-12-07T20:47:29.578594
ablation_price_only,test,f1,0.5350138227161394,2025-12-07T20:47:29.578594
ablation_price_only,test,auc,0.5522339043253515,2025-12-07T20:47:29.578594
ablation_blockchain_only,test,accuracy,0.5121454742841633,2025-12-07T20:47:32.553721
ablation_blockchain_only,test,f1,0.4628459925947675,2025-12-07T20:47:32.553721
ablation_blockchain_only,test,auc,0.510184418155547,2025-12-07T20:47:32.553721
ablation_combined,test,accuracy,0.5281542545759397,2025-12-07T20:47:40.135544
ablation_combined,test,f1,0.5077807714706652,2025-12-07T20:47:40.135544
ablation_combined,test,auc,0.5484699066328105,2025-12-07T20:47:40.135544
baseline_lr,train,accuracy,0.5438403426327999,2025-12-07T20:58:26.552507
baseline_lr,train,precision,0.5436047652671112,2025-12-07T20:58:26.552507
baseline_lr,train,recall,0.5438403426328,2025-12-07T20:58:26.552507
baseline_lr,train,f1,0.5383032735284031,2025-12-07T20:58:26.552507
baseline_lr,train,auc,0.5573359807968798,2025-12-07T20:58:26.552507
baseline_lr,train,auprc,0.5554400358444942,2025-12-07T20:58:26.552507
baseline_lr,validation,accuracy,0.5326584384967411,2025-12-07T20:58:30.664181
baseline_lr,validation,precision,0.5326559762504521,2025-12-07T20:58:30.664181
baseline_lr,validation,recall,0.5326584384967411,2025-12-07T20:58:30.664181
baseline_lr,validation,f1,0.5317938978220254,2025-12-07T20:58:30.664181
baseline_lr,validation,auc,0.5476798974706922,2025-12-07T20:58:30.664181
baseline_lr,validation,auprc,0.5339718214020797,2025-12-07T20:58:30.664181
baseline_lr,test,accuracy,0.5281542545759397,2025-12-07T20:58:34.400188
baseline_lr,test,precision,0.5380787342517612,2025-12-07T20:58:34.400188
baseline_lr,test,recall,0.5281542545759397,2025-12-07T20:58:34.400188
baseline_lr,test,f1,0.5077807714706652,2025-12-07T20:58:34.400188
baseline_lr,test,auc,0.5484699066328105,2025-12-07T20:58:34.400188
baseline_lr,test,auprc,0.5474563977205174,2025-12-07T20:58:34.400188
random_forest,train,accuracy,0.5710249241568021,2025-12-07T21:00:12.876925
random_forest,train,f1,0.5675059955806905,2025-12-07T21:00:12.876925
random_forest,train,auc,0.5988772773811877,2025-12-07T21:00:12.876925
random_forest,test,accuracy,0.5486935866983373,2025-12-07T21:00:14.836712
random_forest,test,f1,0.5397619577148258,2025-12-07T21:00:14.836712
random_forest,test,auc,0.5722907564826349,2025-12-07T21:00:14.836712
gbt,train,accuracy,0.5866397001963001,2025-12-07T21:01:18.089898
gbt,train,f1,0.5857531876422853,2025-12-07T21:01:18.089898
gbt,train,auc,0.6221197237482106,2025-12-07T21:01:18.089898
gbt,test,accuracy,0.5351404219645103,2025-12-07T21:01:19.885498
gbt,test,f1,0.5030392377659907,2025-12-07T21:01:19.885498
gbt,test,auc,0.5595246296853479,2025-12-07T21:01:19.885498
